t_s,phase,label,jaw_measured,jaw_commanded,gripper_current,gripper_vel
0.000,survey,not_held,0.018,0.0179,27.0,-0.0
0.005,survey,not_held,0.0188,0.0178,28.0,-0.0
0.044,survey,not_held,0.0188,0.0176,26.0,-0.0
0.079,survey,not_held,0.0188,0.0175,26.0,-0.0
0.116,survey,not_held,0.0188,0.0173,27.0,-0.0
0.155,survey,not_held,0.0248,0.0172,10.0,-0.0587
0.194,survey,not_held,0.0248,0.0171,10.0,-0.0587
0.227,survey,not_held,0.0248,0.0169,10.0,-0.0587
0.266,survey,not_held,0.0241,0.0168,1.0,-0.0
0.305,survey,not_held,0.0233,0.0166,0.0,-0.0
0.343,survey,not_held,0.0233,0.0165,0.0,-0.0
0.377,survey,not_held,0.0233,0.0164,0.0,-0.0
0.412,survey,not_held,0.0241,0.0162,0.0,-0.0
0.447,survey,not_held,0.0241,0.0161,0.0,-0.0
0.483,survey,not_held,0.0241,0.0159,0.0,-0.0
0.517,survey,not_held,0.0241,0.0158,0.0,-0.0
0.555,survey,not_held,0.0241,0.0157,0.0,-0.0
0.592,survey,not_held,0.0241,0.0155,0.0,-0.0
0.626,survey,not_held,0.0233,0.0154,0.0,-0.0
0.659,survey,not_held,0.0233,0.0152,0.0,-0.0
0.694,survey,not_held,0.0233,0.0151,0.0,-0.0
0.729,survey,not_held,0.0241,0.015,0.0,-0.0
0.766,survey,not_held,0.0241,0.0148,0.0,-0.0
0.800,survey,not_held,0.0241,0.0147,0.0,-0.0
0.833,survey,not_held,0.0241,0.0145,0.0,-0.0
0.869,survey,not_held,0.0241,0.0144,0.0,-0.0
0.905,survey,not_held,0.0241,0.0143,0.0,-0.0
0.940,survey,not_held,0.0241,0.0141,0.0,-0.0
0.974,survey,not_held,0.0241,0.014,0.0,-0.0
1.013,survey,not_held,0.0241,0.0138,0.0,-0.0
1.050,survey,not_held,0.0218,0.0137,6.0,0.0117
1.089,survey,not_held,0.0218,0.0136,6.0,0.0117
1.124,survey,not_held,0.0218,0.0134,6.0,0.0117
1.158,survey,not_held,0.0218,0.0133,6.0,-0.0
1.193,survey,not_held,0.0218,0.0131,6.0,-0.0
1.228,survey,not_held,0.0218,0.013,6.0,-0.0
1.266,survey,not_held,0.0233,0.0129,5.0,-0.0
1.304,survey,not_held,0.0233,0.0127,5.0,-0.0
1.340,survey,not_held,0.0225,0.0126,4.0,-0.0
1.374,survey,not_held,0.0218,0.0124,6.0,-0.0
1.408,survey,not_held,0.0218,0.0123,6.0,-0.0
1.446,survey,not_held,0.0226,0.0122,6.0,-0.0
1.481,survey,not_held,0.0226,0.012,7.0,-0.0
1.517,survey,not_held,0.0226,0.0119,7.0,-0.0
1.552,survey,not_held,0.0218,0.0117,6.0,-0.0
1.588,survey,not_held,0.0218,0.0116,6.0,-0.0
1.623,survey,not_held,0.0218,0.0115,6.0,-0.0
1.657,survey,not_held,0.0218,0.0113,6.0,-0.0
1.693,survey,not_held,0.0218,0.0112,6.0,-0.0
1.729,survey,not_held,0.0218,0.011,6.0,-0.0
1.767,survey,not_held,0.0218,0.0109,5.0,-0.0
1.806,survey,not_held,0.0218,0.0108,5.0,-0.0
1.844,survey,not_held,0.0218,0.0106,5.0,-0.0
1.882,survey,not_held,0.0225,0.0105,5.0,-0.0
1.917,survey,not_held,0.0225,0.0104,5.0,-0.0
1.956,survey,not_held,0.0225,0.0102,5.0,-0.0
1.994,survey,not_held,0.0218,0.0101,5.0,-0.0
2.032,survey,not_held,0.0218,0.0099,5.0,-0.0
2.067,survey,not_held,0.0218,0.0098,6.0,-0.0
2.101,survey,not_held,0.0218,0.0097,6.0,-0.0
2.140,survey,not_held,0.0218,0.0095,6.0,-0.0
2.178,survey,not_held,0.0218,0.0094,6.0,-0.0
2.216,survey,not_held,0.0218,0.0092,6.0,-0.0
2.251,survey,not_held,0.0218,0.0091,6.0,-0.0
2.285,survey,not_held,0.021,0.009,17.0,-0.0
2.319,survey,not_held,0.021,0.0088,17.0,-0.0
2.352,survey,not_held,0.0203,0.0087,17.0,-0.0
2.387,survey,not_held,0.0203,0.0085,17.0,-0.0
2.426,survey,not_held,0.0203,0.0084,17.0,-0.0
2.464,survey,not_held,0.0203,0.0083,17.0,-0.0
2.500,survey,not_held,0.0203,0.0081,17.0,-0.0
2.536,survey,not_held,0.0203,0.008,17.0,-0.0
2.574,survey,not_held,0.0203,0.0078,14.0,-0.0
2.608,survey,not_held,0.0203,0.0077,14.0,-0.0
2.643,survey,not_held,0.0203,0.0076,14.0,-0.0
2.679,survey,not_held,0.0203,0.0074,14.0,-0.0
2.718,survey,not_held,0.0203,0.0073,17.0,-0.0
2.755,survey,not_held,0.0203,0.0071,17.0,-0.0
2.792,survey,not_held,0.0203,0.007,17.0,-0.0
2.825,survey,not_held,0.0203,0.0069,17.0,-0.0
2.859,survey,not_held,0.0203,0.0067,17.0,-0.0
2.895,survey,not_held,0.0203,0.0066,18.0,-0.0
2.930,survey,not_held,0.0203,0.0064,18.0,-0.0
2.964,survey,not_held,0.0203,0.0063,18.0,-0.0
3.002,survey,not_held,0.0203,0.0062,17.0,-0.0
3.036,survey,not_held,0.0203,0.006,17.0,-0.0
3.072,survey,not_held,0.0203,0.0059,18.0,-0.0
3.110,survey,not_held,0.0195,0.0057,18.0,-0.0
3.145,survey,not_held,0.0195,0.0056,18.0,-0.0
3.180,survey,not_held,0.0195,0.0055,17.0,-0.0
3.217,survey,not_held,0.0203,0.0053,13.0,-0.0
3.251,survey,not_held,0.0203,0.0052,13.0,-0.0
3.288,survey,not_held,0.0203,0.005,13.0,-0.0
3.326,survey,not_held,0.0203,0.0049,18.0,-0.0
3.364,survey,not_held,0.0203,0.0048,18.0,-0.0
3.403,survey,not_held,0.0195,0.0046,24.0,-0.0
3.441,survey,not_held,0.0195,0.0045,24.0,-0.0
3.477,survey,not_held,0.0195,0.0043,24.0,-0.0
3.511,survey,not_held,0.0188,0.0042,23.0,-0.0
3.545,survey,not_held,0.0188,0.0041,23.0,-0.0
3.581,survey,not_held,0.0188,0.0039,23.0,-0.0
3.616,survey,not_held,0.018,0.0038,20.0,-0.0
3.650,survey,not_held,0.018,0.0036,20.0,-0.0
3.688,survey,not_held,0.018,0.0035,20.0,-0.0
3.726,survey,not_held,0.018,0.0034,19.0,-0.0
3.761,survey,not_held,0.018,0.0032,19.0,-0.0
3.797,survey,not_held,0.018,0.0031,19.0,-0.0
3.832,survey,not_held,0.018,0.0029,19.0,-0.0
3.869,survey,not_held,0.018,0.0028,19.0,-0.0
3.905,survey,not_held,0.018,0.0027,19.0,-0.0
3.941,survey,not_held,0.018,0.0025,20.0,-0.0
3.977,survey,not_held,0.018,0.0024,20.0,-0.0
4.010,survey,not_held,0.0188,0.0022,22.0,-0.0
4.045,survey,not_held,0.0188,0.0021,22.0,-0.0
4.078,survey,not_held,0.0188,0.002,22.0,-0.0
4.116,survey,not_held,0.0188,0.0018,24.0,-0.0
4.150,survey,not_held,0.0188,0.0017,24.0,-0.0
4.188,survey,not_held,0.0188,0.0015,24.0,-0.0
4.226,survey,not_held,0.0188,0.0014,23.0,-0.0
4.261,survey,not_held,0.0188,0.0013,23.0,-0.0
4.295,survey,not_held,0.0188,0.0011,23.0,-0.0
4.329,survey,not_held,0.018,0.001,17.0,-0.0
4.365,survey,not_held,0.018,0.0008,17.0,-0.0
4.400,survey,not_held,0.018,0.0007,17.0,-0.0
4.436,survey,not_held,0.018,0.0006,23.0,-0.0
4.470,survey,not_held,0.018,0.0004,23.0,-0.0
4.509,survey,not_held,0.018,0.0003,23.0,-0.0
4.546,survey,not_held,0.0165,0.0001,30.0,-0.0
4.580,survey,not_held,0.0165,0.0,30.0,-0.0
4.618,survey,not_held,0.0158,0.0,30.0,-0.0
4.657,survey,not_held,0.015,0.0,30.0,-0.0
4.695,survey,not_held,0.015,0.0,30.0,-0.0
4.731,survey,not_held,0.015,0.0,30.0,-0.0
4.767,survey,not_held,0.0158,0.0,31.0,-0.0
4.802,survey,not_held,0.0158,0.0,31.0,-0.0
4.836,survey,not_held,0.0158,0.0,31.0,-0.0
4.870,survey,not_held,0.0158,0.0,31.0,-0.0
4.904,survey,not_held,0.0158,0.0,31.0,-0.0
4.938,survey,not_held,0.0158,0.0,31.0,-0.0
4.976,survey,not_held,0.0158,0.0,31.0,-0.0
5.015,survey,not_held,0.0158,0.0,31.0,-0.0
5.051,survey,not_held,0.0158,0.0,31.0,-0.0
5.089,survey,not_held,0.0158,0.0,30.0,-0.0
5.126,survey,not_held,0.0158,0.0,30.0,-0.0
5.164,survey,not_held,0.0158,0.0,30.0,-0.0
5.201,survey,not_held,0.0158,0.0,30.0,-0.0
5.239,survey,not_held,0.0158,0.0,29.0,-0.0
5.273,survey,not_held,0.0158,0.0,29.0,-0.0
5.311,survey,not_held,0.0158,0.0,29.0,-0.0
5.346,survey,not_held,0.0158,0.0,29.0,-0.0
5.381,survey,not_held,0.0158,0.0,30.0,-0.0
5.417,survey,not_held,0.0158,0.0,30.0,-0.0
5.452,survey,not_held,0.0158,0.0,31.0,-0.0
5.490,survey,not_held,0.0158,0.0,31.0,-0.0
5.525,survey,not_held,0.0158,0.0,31.0,-0.0
5.559,survey,not_held,0.0158,0.0,31.0,-0.0
5.596,survey,not_held,0.0158,0.0,31.0,-0.0
5.632,survey,not_held,0.0158,0.0,31.0,-0.0
5.671,survey,not_held,0.0158,0.0,30.0,-0.0
5.706,survey,not_held,0.0158,0.0,30.0,-0.0
5.744,survey,not_held,0.0158,0.0,30.0,-0.0
5.783,survey,not_held,0.0158,0.0,30.0,-0.0
5.821,survey,not_held,0.0158,0.0,30.0,-0.0
5.859,survey,not_held,0.0158,0.0,30.0,-0.0
5.896,survey,not_held,0.0158,0.0,29.0,-0.0
5.934,survey,not_held,0.0158,0.0,29.0,-0.0
5.971,survey,not_held,0.0158,0.0,31.0,-0.0
6.004,survey,not_held,0.0158,0.0,31.0,-0.0
6.039,survey,not_held,0.0158,0.0,31.0,-0.0
6.076,survey,not_held,0.0158,0.0,30.0,-0.0
6.112,survey,not_held,0.0158,0.0,30.0,-0.0
11.856,refine,not_held,0.0158,0.0,29.0,-0.0
11.861,refine,not_held,0.0158,0.0,28.0,-0.0
11.896,refine,not_held,0.0158,0.0,28.0,-0.0
11.935,refine,not_held,0.0158,0.0,31.0,-0.0
11.973,refine,not_held,0.0158,0.0,31.0,-0.0
12.011,refine,not_held,0.015,0.0,26.0,-0.0117
12.045,refine,not_held,0.015,0.0,26.0,-0.0117
12.083,refine,not_held,0.015,0.0,26.0,-0.0117
12.117,refine,not_held,0.0143,0.0,25.0,-0.0
12.152,refine,not_held,0.0143,0.0,25.0,-0.0
12.186,refine,not_held,0.0143,0.0,25.0,-0.0
12.225,refine,not_held,0.0143,0.0,25.0,-0.0
12.262,refine,not_held,0.0143,0.0,25.0,-0.0
12.301,refine,not_held,0.0143,0.0,25.0,-0.0
12.338,refine,not_held,0.0143,0.0,24.0,-0.0
12.375,refine,not_held,0.0143,0.0,24.0,-0.0
12.413,refine,not_held,0.0143,0.0,24.0,-0.0
12.452,refine,not_held,0.0143,0.0,25.0,-0.0
12.487,refine,not_held,0.0143,0.0,25.0,-0.0
12.525,refine,not_held,0.0143,0.0,25.0,-0.0
12.561,refine,not_held,0.0143,0.0,25.0,-0.0
12.600,refine,not_held,0.0143,0.0,25.0,-0.0
12.636,refine,not_held,0.0143,0.0,25.0,-0.0
12.674,refine,not_held,0.0143,0.0,25.0,-0.0
12.710,refine,not_held,0.0143,0.0,25.0,-0.0
12.744,refine,not_held,0.0143,0.0,24.0,-0.0
12.782,refine,not_held,0.0143,0.0,24.0,-0.0
12.818,refine,not_held,0.0143,0.0,24.0,-0.0
12.853,refine,not_held,0.0143,0.0,25.0,-0.0
12.892,refine,not_held,0.0143,0.0,25.0,-0.0
12.926,refine,not_held,0.0143,0.0,25.0,-0.0
12.960,refine,not_held,0.0143,0.0,24.0,-0.0
12.997,refine,not_held,0.0143,0.0,24.0,-0.0
13.033,refine,not_held,0.0143,0.0,24.0,-0.0
13.067,refine,not_held,0.0143,0.0,24.0,-0.0
13.104,refine,not_held,0.0143,0.0,24.0,-0.0
13.143,refine,not_held,0.0143,0.0,26.0,-0.0
13.180,refine,not_held,0.0143,0.0,26.0,-0.0
13.216,refine,not_held,0.0143,0.0,25.0,-0.0
13.252,refine,not_held,0.0143,0.0,25.0,-0.0
13.291,refine,not_held,0.0143,0.0,25.0,-0.0
13.329,refine,not_held,0.0143,0.0,25.0,-0.0
13.365,refine,not_held,0.0143,0.0,24.0,-0.0
13.401,refine,not_held,0.0143,0.0,24.0,-0.0
13.435,refine,not_held,0.0143,0.0,24.0,-0.0
13.470,refine,not_held,0.0143,0.0,24.0,-0.0
13.508,refine,not_held,0.0143,0.0,24.0,-0.0
13.542,refine,not_held,0.0143,0.0,24.0,-0.0
13.576,refine,not_held,0.0143,0.0,24.0,-0.0
13.614,refine,not_held,0.0143,0.0,24.0,-0.0
13.651,refine,not_held,0.0143,0.0,24.0,-0.0
13.685,refine,not_held,0.0143,0.0,24.0,-0.0
13.720,refine,not_held,0.0143,0.0,24.0,-0.0
13.758,refine,not_held,0.0143,0.0,24.0,-0.0
13.794,refine,not_held,0.0143,0.0,24.0,-0.0
13.829,refine,not_held,0.0143,0.0,24.0,-0.0
13.867,refine,not_held,0.0143,0.0,25.0,-0.0
13.906,refine,not_held,0.0143,0.0,25.0,-0.0
13.940,refine,not_held,0.0143,0.0,25.0,-0.0
13.975,refine,not_held,0.0143,0.0,24.0,-0.0
14.011,refine,not_held,0.0143,0.0,24.0,-0.0
14.050,refine,not_held,0.0143,0.0,24.0,-0.0
14.083,refine,not_held,0.0143,0.0,24.0,-0.0
14.118,refine,not_held,0.0143,0.0,24.0,-0.0
14.156,refine,not_held,0.0143,0.0,24.0,-0.0
14.191,refine,not_held,0.0143,0.0,25.0,-0.0
14.226,refine,not_held,0.0143,0.0,25.0,-0.0
14.265,refine,not_held,0.0143,0.0,25.0,-0.0
14.299,refine,not_held,0.0143,0.0,25.0,-0.0
14.337,refine,not_held,0.0143,0.0,25.0,-0.0
14.371,refine,not_held,0.0143,0.0,25.0,-0.0
14.409,refine,not_held,0.0143,0.0,25.0,-0.0
14.445,refine,not_held,0.0143,0.0,25.0,-0.0
14.480,refine,not_held,0.0143,0.0,25.0,-0.0
14.516,refine,not_held,0.0143,0.0,25.0,-0.0
14.554,refine,not_held,0.0143,0.0,25.0,-0.0
14.592,refine,not_held,0.0143,0.0,24.0,-0.0
14.628,refine,not_held,0.0143,0.0,24.0,-0.0
14.667,refine,not_held,0.0143,0.0,24.0,-0.0
14.701,refine,not_held,0.0143,0.0,24.0,-0.0
14.737,refine,not_held,0.0143,0.0,24.0,-0.0
14.771,refine,not_held,0.0143,0.0,24.0,-0.0
14.810,refine,not_held,0.0143,0.0,25.0,-0.0
14.848,refine,not_held,0.0143,0.0,25.0,-0.0
14.881,refine,not_held,0.0143,0.0,24.0,-0.0
14.918,refine,not_held,0.0143,0.0,24.0,-0.0
14.952,refine,not_held,0.0143,0.0,24.0,-0.0
14.987,refine,not_held,0.0143,0.0,25.0,-0.0
15.026,refine,not_held,0.0143,0.0,25.0,-0.0
15.064,refine,not_held,0.0143,0.0,25.0,-0.0
15.100,refine,not_held,0.0143,0.0,24.0,-0.0
15.136,refine,not_held,0.0143,0.0,24.0,-0.0
15.174,refine,not_held,0.0143,0.0,24.0,-0.0
15.212,refine,not_held,0.0143,0.0,24.0,-0.0
15.246,refine,not_held,0.0143,0.0,24.0,-0.0
15.281,refine,not_held,0.0143,0.0,24.0,-0.0
15.315,refine,not_held,0.0143,0.0,24.0,-0.0
15.350,refine,not_held,0.0143,0.0,24.0,-0.0
15.388,refine,not_held,0.0143,0.0,25.0,-0.0
15.422,refine,not_held,0.0143,0.0,25.0,-0.0
15.457,refine,not_held,0.0143,0.0,25.0,-0.0
15.491,refine,not_held,0.0143,0.0,25.0,-0.0
15.525,refine,not_held,0.0143,0.0,25.0,-0.0
15.563,refine,not_held,0.0143,0.0,25.0,-0.0
15.601,refine,not_held,0.0143,0.0,25.0,-0.0
15.637,refine,not_held,0.0143,0.0,25.0,-0.0
15.675,refine,not_held,0.0143,0.0,25.0,-0.0
15.710,refine,not_held,0.0143,0.0,24.0,-0.0
15.745,refine,not_held,0.0143,0.0,24.0,-0.0
15.780,refine,not_held,0.0143,0.0,24.0,-0.0
15.814,refine,not_held,0.0143,0.0,25.0,-0.0
15.852,refine,not_held,0.0143,0.0,25.0,-0.0
15.891,refine,not_held,0.0143,0.0,25.0,-0.0
15.925,refine,not_held,0.0143,0.0,24.0,-0.0
15.962,refine,not_held,0.0143,0.0,24.0,-0.0
15.996,refine,not_held,0.0143,0.0,24.0,-0.0
16.033,refine,not_held,0.0143,0.0,25.0,-0.0
16.071,refine,not_held,0.0143,0.0,25.0,-0.0
16.109,refine,not_held,0.0143,0.0,25.0,-0.0
16.148,refine,not_held,0.0143,0.0,25.0,-0.0
16.186,refine,not_held,0.0143,0.0,25.0,-0.0
18.198,above,not_held,0.0143,0.0,25.0,-0.0
18.204,above,not_held,0.0143,0.0,24.0,-0.0
18.242,above,not_held,0.0143,0.0,24.0,-0.0
18.280,above,not_held,0.0143,0.0,24.0,-0.0
18.317,above,not_held,0.0143,0.0,24.0,-0.0
18.355,above,not_held,0.0143,0.0,24.0,-0.0
18.391,above,not_held,0.015,0.0,17.0,-0.0117
18.426,above,not_held,0.015,0.0,17.0,-0.0117
18.461,above,not_held,0.015,0.0,17.0,-0.0117
18.497,above,not_held,0.015,0.0,18.0,-0.0
18.534,above,not_held,0.015,0.0,18.0,-0.0
18.568,above,not_held,0.015,0.0,18.0,-0.0
18.604,above,not_held,0.015,0.0,17.0,-0.0
18.642,above,not_held,0.015,0.0,17.0,-0.0
18.676,above,not_held,0.015,0.0,18.0,-0.0
18.710,above,not_held,0.015,0.0,18.0,-0.0
18.745,above,not_held,0.015,0.0,18.0,-0.0
18.783,above,not_held,0.015,0.0,19.0,-0.0
18.821,above,not_held,0.015,0.0,19.0,-0.0
18.858,above,not_held,0.015,0.0,19.0,-0.0
18.896,above,not_held,0.015,0.0,18.0,-0.0
18.931,above,not_held,0.015,0.0,18.0,-0.0
18.973,above,not_held,0.015,0.0,18.0,-0.0
19.002,above,not_held,0.015,0.0,17.0,-0.0
19.038,above,not_held,0.015,0.0,17.0,-0.0
19.076,above,not_held,0.015,0.0,17.0,-0.0
19.111,above,not_held,0.015,0.0,18.0,-0.0
19.145,above,not_held,0.015,0.0,18.0,-0.0
19.183,above,not_held,0.015,0.0,18.0,-0.0
19.220,above,not_held,0.015,0.0,18.0,-0.0
19.258,above,not_held,0.015,0.0,18.0,-0.0
19.294,above,not_held,0.015,0.0,17.0,-0.0
19.329,above,not_held,0.015,0.0,17.0,-0.0
19.368,above,not_held,0.015,0.0,17.0,-0.0
19.402,above,not_held,0.015,0.0,18.0,-0.0
19.441,above,not_held,0.015,0.0,18.0,-0.0
19.475,above,not_held,0.015,0.0,18.0,-0.0
19.509,above,not_held,0.015,0.0,43.0,-0.0
19.542,above,not_held,0.015,0.0,43.0,-0.0
19.581,above,not_held,0.015,0.0,43.0,-0.0
19.618,above,not_held,0.015,0.0,18.0,-0.0
19.656,above,not_held,0.015,0.0,18.0,-0.0
19.691,above,not_held,0.015,0.0,18.0,-0.0
19.725,above,not_held,0.015,0.0,18.0,-0.0
19.761,above,not_held,0.015,0.0,18.0,-0.0
19.794,above,not_held,0.015,0.0,18.0,-0.0
19.832,above,not_held,0.015,0.0,17.0,-0.0
19.867,above,not_held,0.015,0.0,17.0,-0.0
19.900,above,not_held,0.015,0.0,18.0,-0.0
19.934,above,not_held,0.015,0.0,18.0,-0.0
19.970,above,not_held,0.015,0.0,18.0,-0.0
20.008,above,not_held,0.0165,0.0,17.0,-0.0
20.043,above,not_held,0.0165,0.0,17.0,-0.0
20.078,above,not_held,0.0165,0.0,17.0,-0.0
20.113,above,not_held,0.015,0.0,19.0,-0.0
20.151,above,not_held,0.015,0.0,19.0,-0.0
20.189,above,not_held,0.015,0.0,19.0,-0.0
20.225,above,not_held,0.015,0.0,18.0,-0.0
20.258,above,not_held,0.015,0.0,18.0,-0.0
20.294,above,not_held,0.015,0.0,18.0,-0.0
20.328,above,not_held,0.0165,0.0,23.0,-0.0
20.362,above,not_held,0.0165,0.0,23.0,-0.0
20.400,above,not_held,0.0165,0.0,23.0,-0.0
20.435,above,not_held,0.0165,0.0,17.0,-0.0
20.474,above,not_held,0.0165,0.0,17.0,-0.0
20.511,above,not_held,0.0165,0.0,17.0,-0.0
20.546,above,not_held,0.015,0.0,17.0,-0.0
20.584,above,not_held,0.015,0.0,17.0,-0.0
20.618,above,not_held,0.015,0.0,17.0,-0.0
20.653,above,not_held,0.015,0.0,20.0,-0.0
20.691,above,not_held,0.015,0.0,20.0,-0.0
20.726,above,not_held,0.015,0.0,16.0,-0.0
20.762,above,not_held,0.015,0.0,16.0,-0.0
20.798,above,not_held,0.015,0.0,16.0,-0.0
20.836,above,not_held,0.015,0.0,18.0,-0.0
20.870,above,not_held,0.015,0.0,18.0,-0.0
20.904,above,not_held,0.015,0.0,18.0,-0.0
20.940,above,not_held,0.015,0.0,17.0,-0.0
20.978,above,not_held,0.015,0.0,17.0,-0.0
21.011,above,not_held,0.015,0.0,17.0,-0.0
21.047,above,not_held,0.015,0.0,17.0,-0.0
21.084,above,not_held,0.015,0.0,17.0,-0.0
21.119,above,not_held,0.015,0.0,17.0,-0.0
21.153,above,not_held,0.015,0.0,19.0,-0.0
21.189,above,not_held,0.015,0.0,19.0,-0.0
21.223,above,not_held,0.015,0.0,19.0,-0.0
21.257,above,not_held,0.015,0.0,19.0,-0.0
21.295,above,not_held,0.015,0.0,19.0,-0.0
21.330,above,not_held,0.015,0.0,18.0,-0.0
21.366,above,not_held,0.015,0.0,18.0,-0.0
21.401,above,not_held,0.015,0.0,18.0,-0.0
21.439,above,not_held,0.015,0.0,18.0,-0.0
21.473,above,not_held,0.015,0.0,19.0,-0.0
21.507,above,not_held,0.015,0.0,19.0,-0.0
21.541,above,not_held,0.015,0.0,19.0,-0.0
21.575,above,not_held,0.015,0.0,17.0,-0.0
21.611,above,not_held,0.015,0.0,17.0,-0.0
21.645,above,not_held,0.015,0.0,17.0,-0.0
21.680,above,not_held,0.015,0.0,18.0,-0.0
21.716,above,not_held,0.015,0.0,18.0,-0.0
21.751,above,not_held,0.015,0.0,18.0,-0.0
21.790,above,not_held,0.015,0.0,17.0,-0.0
21.829,standoff,not_held,0.015,0.0,17.0,-0.0
21.861,standoff,not_held,0.015,0.0,16.0,-0.0
21.895,standoff,not_held,0.015,0.0,16.0,-0.0
21.930,standoff,not_held,0.015,0.0,16.0,-0.0
21.967,standoff,not_held,0.015,0.0,18.0,-0.0
22.005,standoff,not_held,0.015,0.0,18.0,-0.0
22.043,standoff,not_held,0.015,0.0,18.0,-0.0
22.078,standoff,not_held,0.015,0.0,18.0,-0.0
22.115,standoff,not_held,0.015,0.0,18.0,-0.0
22.150,standoff,not_held,0.015,0.0,19.0,-0.0
22.183,standoff,not_held,0.015,0.0,19.0,-0.0
22.217,standoff,not_held,0.015,0.0,19.0,-0.0
22.253,standoff,not_held,0.015,0.0,18.0,-0.0
22.287,standoff,not_held,0.015,0.0,17.0,-0.0
22.326,standoff,not_held,0.015,0.0,17.0,-0.0
22.363,standoff,not_held,0.015,0.0,17.0,-0.0
22.397,standoff,not_held,0.015,0.0,18.0,-0.0
22.435,standoff,not_held,0.015,0.0,18.0,-0.0
22.470,standoff,not_held,0.015,0.0,21.0,-0.0
22.508,standoff,not_held,0.015,0.0,21.0,-0.0
22.543,standoff,not_held,0.015,0.0,21.0,-0.0
22.577,standoff,not_held,0.015,0.0,19.0,-0.0
22.611,standoff,not_held,0.015,0.0,19.0,-0.0
22.644,standoff,not_held,0.015,0.0,19.0,-0.0
22.680,standoff,not_held,0.015,0.0,18.0,-0.0
22.718,standoff,not_held,0.015,0.0,18.0,-0.0
22.753,standoff,not_held,0.015,0.0,18.0,-0.0
22.787,standoff,not_held,0.015,0.0,21.0,-0.0
22.826,standoff,not_held,0.015,0.0,21.0,-0.0
22.860,standoff,not_held,0.015,0.0,21.0,-0.0
22.897,standoff,not_held,0.015,0.0,18.0,-0.0
22.934,standoff,not_held,0.015,0.0,18.0,-0.0
22.967,standoff,not_held,0.015,0.0,18.0,-0.0
23.001,standoff,not_held,0.015,0.0,18.0,-0.0
23.040,standoff,not_held,0.015,0.0,18.0,-0.0
23.075,standoff,not_held,0.015,0.0,18.0,-0.0
23.108,standoff,not_held,0.015,0.0,16.0,-0.0
23.142,standoff,not_held,0.015,0.0,16.0,-0.0
23.177,standoff,not_held,0.015,0.0,17.0,-0.0
23.210,standoff,not_held,0.015,0.0,22.0,-0.0
23.245,standoff,not_held,0.015,0.0,22.0,-0.0
23.280,standoff,not_held,0.015,0.0,22.0,-0.0
23.317,standoff,not_held,0.015,0.0,19.0,-0.0
23.351,standoff,not_held,0.015,0.0,19.0,-0.0
23.389,standoff,not_held,0.015,0.0,18.0,-0.0
23.427,standoff,not_held,0.015,0.0,21.0,-0.0
23.465,standoff,not_held,0.015,0.0,21.0,-0.0
23.500,standoff,not_held,0.015,0.0,19.0,-0.0
23.536,standoff,not_held,0.015,0.0,19.0,-0.0
23.574,standoff,not_held,0.015,0.0,19.0,-0.0
23.608,standoff,not_held,0.015,0.0,18.0,-0.0
23.646,standoff,not_held,0.015,0.0,18.0,-0.0
23.683,standoff,not_held,0.015,0.0,18.0,-0.0
23.721,standoff,not_held,0.015,0.0,19.0,-0.0
23.755,standoff,not_held,0.015,0.0,19.0,-0.0
23.791,reach_in,not_held,0.015,0.0,19.0,-0.0
23.823,reach_in,not_held,0.015,0.0,17.0,-0.0
23.859,reach_in,not_held,0.015,0.0,17.0,-0.0
23.895,reach_in,not_held,0.015,0.0,17.0,-0.0
23.931,reach_in,not_held,0.015,0.0,17.0,-0.0
23.967,reach_in,not_held,0.015,0.0,17.0,-0.0
24.005,reach_in,not_held,0.015,0.0,17.0,-0.0
24.042,reach_in,not_held,0.015,0.0,17.0,-0.0
24.079,reach_in,not_held,0.015,0.0,17.0,-0.0
24.113,reach_in,not_held,0.015,0.0,17.0,-0.0
24.150,reach_in,not_held,0.015,0.0,17.0,-0.0
24.184,reach_in,not_held,0.015,0.0,17.0,-0.0
24.220,reach_in,not_held,0.015,0.0,18.0,-0.0
24.254,reach_in,not_held,0.015,0.0,18.0,-0.0
24.292,reach_in,not_held,0.015,0.0,18.0,-0.0
24.331,reach_in,not_held,0.015,0.0,19.0,-0.0
24.367,reach_in,not_held,0.015,0.0,19.0,-0.0
24.401,reach_in,not_held,0.015,0.0,19.0,-0.0
24.436,reach_in,not_held,0.015,0.0,17.0,-0.0
24.471,reach_in,not_held,0.015,0.0,17.0,-0.0
24.509,reach_in,not_held,0.015,0.0,17.0,-0.0
24.543,reach_in,not_held,0.015,0.0,18.0,-0.0
24.581,reach_in,not_held,0.015,0.0,18.0,-0.0
24.618,reach_in,not_held,0.015,0.0,18.0,-0.0
24.655,reach_in,not_held,0.015,0.0,18.0,-0.0
24.694,reach_in,not_held,0.015,0.0,18.0,-0.0
24.732,reach_in,not_held,0.015,0.0,17.0,-0.0
24.769,reach_in,not_held,0.015,0.0,17.0,-0.0
24.804,reach_in,not_held,0.015,0.0,17.0,-0.0
24.842,reach_in,not_held,0.015,0.0,20.0,-0.0
24.876,reach_in,not_held,0.015,0.0,20.0,-0.0
24.914,reach_in,not_held,0.015,0.0,20.0,-0.0
24.951,reach_in,not_held,0.015,0.0,21.0,-0.0
24.985,reach_in,not_held,0.015,0.0,21.0,-0.0
25.020,reach_in,not_held,0.015,0.0,21.0,-0.0
25.058,reach_in,not_held,0.015,0.0,16.0,-0.0
25.091,reach_in,not_held,0.015,0.0,16.0,-0.0
25.126,reach_in,not_held,0.015,0.0,16.0,-0.0
25.164,reach_in,not_held,0.015,0.0,18.0,-0.0
25.202,reach_in,not_held,0.015,0.0,18.0,-0.0
25.238,reach_in,not_held,0.015,0.0,18.0,-0.0
25.271,reach_in,not_held,0.015,0.0,20.0,-0.0
25.309,reach_in,not_held,0.015,0.0,20.0,-0.0
25.344,reach_in,not_held,0.015,0.0,15.0,-0.0
25.379,reach_in,not_held,0.015,0.0,15.0,-0.0
25.417,reach_in,not_held,0.015,0.0,15.0,-0.0
25.455,reach_in,not_held,0.015,0.0,16.0,-0.0
25.493,reach_in,not_held,0.015,0.0,16.0,-0.0
25.528,reach_in,not_held,0.015,0.0,16.0,-0.0
25.561,reach_in,not_held,0.015,0.0,18.0,-0.0
25.600,reach_in,not_held,0.015,0.0,18.0,-0.0
25.638,reach_in,not_held,0.015,0.0,18.0,-0.0
25.673,reach_in,not_held,0.015,0.0,17.0,-0.0
25.708,reach_in,not_held,0.015,0.0,17.0,-0.0
25.744,reach_in,not_held,0.015,0.0,17.0,-0.0
25.778,reach_in,not_held,0.015,0.0,18.0,-0.0
25.813,reach_in,not_held,0.015,0.0,18.0,-0.0
25.851,reach_in,not_held,0.015,0.0,18.0,-0.0
25.885,reach_in,not_held,0.015,0.0,17.0,-0.0
25.919,reach_in,not_held,0.015,0.0,17.0,-0.0
25.956,reach_in,not_held,0.015,0.0,18.0,-0.0
25.991,reach_in,not_held,0.015,0.0,18.0,-0.0
26.025,reach_in,not_held,0.015,0.0,18.0,-0.0
26.060,reach_in,not_held,0.015,0.0,18.0,-0.0
26.094,reach_in,not_held,0.015,0.0,18.0,-0.0
26.129,reach_in,not_held,0.015,0.0,18.0,-0.0
26.166,reach_in,not_held,0.015,0.0,19.0,-0.0
26.200,reach_in,not_held,0.015,0.0,19.0,-0.0
26.237,reach_in,not_held,0.015,0.0,19.0,-0.0
26.276,reach_in,not_held,0.015,0.0,19.0,-0.0
26.311,reach_in,not_held,0.015,0.0,19.0,-0.0
26.348,reach_in,not_held,0.015,0.0,19.0,-0.0
26.384,reach_in,not_held,0.015,0.0,19.0,-0.0
26.418,reach_in,not_held,0.015,0.0,19.0,-0.0
26.454,reach_in,not_held,0.015,0.0,19.0,-0.0
26.492,reach_in,not_held,0.015,0.0,16.0,-0.0
26.526,reach_in,not_held,0.015,0.0,16.0,-0.0
26.560,reach_in,not_held,0.015,0.0,16.0,-0.0
26.598,reach_in,not_held,0.015,0.0,21.0,-0.0
26.637,reach_in,not_held,0.015,0.0,21.0,-0.0
26.676,reach_in,not_held,0.015,0.0,18.0,-0.0
26.715,reach_in,not_held,0.015,0.0,18.0,-0.0
26.751,reach_in,not_held,0.015,0.0,18.0,-0.0
26.784,reach_in,not_held,0.015,0.0,17.0,-0.0
26.822,reach_in,not_held,0.015,0.0,17.0,-0.0
26.861,reach_in,not_held,0.015,0.0,17.0,-0.0
26.899,reach_in,not_held,0.015,0.0,17.0,-0.0
26.932,reach_in,not_held,0.015,0.0,17.0,-0.0
26.968,reach_in,not_held,0.015,0.0,17.0,-0.0
27.004,reach_in,not_held,0.015,0.0,17.0,-0.0
27.040,reach_in,not_held,0.015,0.0,17.0,-0.0
27.077,reach_in,not_held,0.015,0.0,17.0,-0.0
27.111,reach_in,not_held,0.015,0.0,17.0,-0.0
27.147,reach_in,not_held,0.015,0.0,17.0,-0.0
27.183,reach_in,not_held,0.015,0.0,18.0,-0.0
27.217,reach_in,not_held,0.015,0.0,22.0,-0.0
27.252,reach_in,not_held,0.015,0.0,22.0,-0.0
27.287,reach_in,not_held,0.015,0.0,21.0,-0.0
27.325,reach_in,not_held,0.015,0.0,18.0,-0.0
27.359,reach_in,not_held,0.015,0.0,18.0,-0.0
27.393,reach_in,not_held,0.015,0.0,17.0,-0.0
27.431,reach_in,not_held,0.015,0.0,17.0,-0.0
27.469,reach_in,not_held,0.015,0.0,17.0,-0.0
27.507,reach_in,not_held,0.015,0.0,18.0,-0.0
27.541,reach_in,not_held,0.015,0.0,18.0,-0.0
27.579,reach_in,not_held,0.015,0.0,18.0,-0.0
27.616,reach_in,not_held,0.015,0.0,16.0,-0.0
27.654,reach_in,not_held,0.015,0.0,16.0,-0.0
27.689,reach_in,not_held,0.015,0.0,16.0,-0.0
27.725,reach_in,not_held,0.015,0.0,18.0,-0.0
27.760,reach_in,not_held,0.015,0.0,18.0,-0.0
27.799,reach_in,not_held,0.015,0.0,18.0,-0.0
27.834,reach_in,not_held,0.015,0.0,18.0,-0.0
27.867,reach_in,not_held,0.015,0.0,18.0,-0.0
27.901,reach_in,not_held,0.015,0.0,18.0,-0.0
27.939,reach_in,not_held,0.015,0.0,18.0,-0.0
27.972,reach_in,not_held,0.015,0.0,18.0,-0.0
28.008,reach_in,not_held,0.015,0.0,17.0,-0.0
28.046,reach_in,not_held,0.015,0.0,17.0,-0.0
28.080,reach_in,not_held,0.015,0.0,17.0,-0.0
28.116,reach_in,not_held,0.015,0.0,18.0,-0.0
28.152,reach_in,not_held,0.015,0.0,18.0,-0.0
28.186,reach_in,not_held,0.015,0.0,18.0,-0.0
28.222,reach_in,not_held,0.015,0.0,18.0,-0.0
28.259,reach_in,not_held,0.015,0.0,18.0,-0.0
28.297,reach_in,not_held,0.015,0.0,18.0,-0.0
28.334,reach_in,not_held,0.015,0.0,21.0,-0.0
28.368,reach_in,not_held,0.015,0.0,21.0,-0.0
28.406,reach_in,not_held,0.015,0.0,21.0,-0.0
28.445,reach_in,not_held,0.015,0.0,18.0,-0.0
28.485,close,not_held,0.015,0.0278,18.0,-0.0
28.521,close,uncertain,0.015,0.0556,18.0,-0.0
28.559,close,uncertain,0.015,0.0833,21.0,-0.0
28.593,close,uncertain,0.015,0.1111,21.0,-0.0
28.631,close,uncertain,0.0196,0.1389,27.0,-0.0354
28.669,close,uncertain,0.0308,0.1667,16.0,-0.1645
28.705,close,uncertain,0.0308,0.1944,16.0,-0.1645
28.739,close,uncertain,0.0579,0.2222,56.0,-0.3287
28.776,close,uncertain,0.0579,0.25,56.0,-0.3287
28.810,close,uncertain,0.0579,0.2778,56.0,-0.3287
28.844,close,uncertain,0.1105,0.3056,293.0,-0.6696
28.881,close,uncertain,0.1105,0.3333,293.0,-0.6696
28.916,close,uncertain,0.1339,0.3611,320.0,-0.7286
28.952,close,uncertain,0.1714,0.3889,380.0,-0.6112
28.989,close,uncertain,0.1714,0.4167,380.0,-0.6112
29.022,close,uncertain,0.2031,0.4444,383.0,-0.7055
29.057,close,uncertain,0.2316,0.4722,460.0,-0.6351
29.095,close,uncertain,0.2316,0.5,460.0,-0.6351
29.133,close,uncertain,0.3001,0.5278,514.0,-0.7408
29.169,close,uncertain,0.3001,0.5556,514.0,-0.7408
29.203,close,uncertain,0.3001,0.5833,514.0,-0.7408
29.241,close,uncertain,0.3738,0.6111,486.0,-0.741
29.278,close,uncertain,0.3738,0.6389,486.0,-0.741
29.316,close,uncertain,0.3738,0.6667,486.0,-0.741
29.351,close,uncertain,0.4528,0.6944,411.0,-0.7528
29.385,close,uncertain,0.4528,0.7222,411.0,-0.7528
29.421,close,uncertain,0.4528,0.75,411.0,-0.7528
29.456,close,uncertain,0.5258,0.7778,452.0,-0.7293
29.491,close,uncertain,0.5258,0.8056,452.0,-0.7293
29.529,close,uncertain,0.556,0.8333,401.0,-0.6468
29.564,close,uncertain,0.5853,0.8611,526.0,-0.5294
29.600,close,uncertain,0.5853,0.8889,526.0,-0.5294
29.634,close,uncertain,0.6056,0.9167,507.0,-0.4469
29.671,close,uncertain,0.6206,0.9444,489.0,-0.3882
29.706,close,held,0.6206,0.9722,489.0,-0.3882
29.744,close,held,0.6485,1.0,526.0,-0.4943
29.778,close,held,0.6846,1.0,526.0,-0.6351
29.816,close,held,0.6846,1.0,526.0,-0.6351
29.853,close,held,0.7064,1.0,438.0,-0.5172
29.891,close,held,0.7185,1.0,438.0,-0.259
29.930,close,held,0.7185,1.0,438.0,-0.259
29.965,close,held,0.7388,1.0,439.0,-0.2
30.000,close,held,0.7388,1.0,439.0,-0.2
30.035,close,held,0.7388,1.0,439.0,-0.2
30.071,close,held,0.7779,1.0,471.0,-0.3292
30.105,close,held,0.7779,1.0,471.0,-0.3292
30.141,close,held,0.8133,1.0,529.0,-0.5532
30.180,close,held,0.8464,1.0,499.0,-0.6823
30.214,close,held,0.8464,1.0,499.0,-0.6823
30.251,close,held,0.875,1.0,445.0,-0.5998
30.284,close,held,0.8923,1.0,250.0,-0.4237
30.319,close,held,0.8923,1.0,250.0,-0.4237
30.357,close,not_held,0.9089,1.0,217.0,-0.2941
30.393,close,not_held,0.9194,1.0,196.0,-0.2354
30.430,close,not_held,0.9194,1.0,196.0,-0.2354
30.465,close,not_held,0.93,1.0,176.0,-0.1882
30.501,close,not_held,0.9352,1.0,132.0,-0.1413
30.535,close,not_held,0.9352,1.0,132.0,-0.1413
30.573,close,not_held,0.9435,1.0,96.0,-0.0824
30.612,close,not_held,0.9435,1.0,96.0,-0.0824
30.650,close,not_held,0.9435,1.0,96.0,-0.0824
30.687,close,not_held,0.9503,1.0,71.0,-0.0471
30.723,close,not_held,0.9503,1.0,71.0,-0.0471
30.758,close,not_held,0.9525,1.0,69.0,-0.0353
30.793,close,not_held,0.954,1.0,57.0,-0.0353
30.828,close,not_held,0.954,1.0,57.0,-0.0353
30.866,close,not_held,0.957,1.0,52.0,-0.0235
30.902,close,not_held,0.9578,1.0,45.0,-0.0118
30.937,close,not_held,0.9578,1.0,45.0,-0.0118
30.971,close,not_held,0.9578,1.0,45.0,-0.0118
31.010,close,not_held,0.9751,1.0,222.0,-0.0587
31.048,close,not_held,0.9751,1.0,222.0,-0.0587
31.081,close,not_held,1.0,1.0,256.0,-0.3416
31.118,close,not_held,1.0,1.0,849.0,-0.5412
31.151,close,not_held,1.0,1.0,849.0,-0.5412
31.187,close,not_held,1.0,1.0,817.0,-0.27
31.222,close,not_held,1.0,1.0,166.0,0.0234
31.259,close,not_held,1.0,1.0,166.0,0.0234
31.297,close,not_held,1.0,1.0,158.0,0.1295
31.336,close,not_held,0.9849,1.0,29.0,0.4816
31.372,close,not_held,0.9849,1.0,29.0,0.4816
31.407,close,not_held,0.9857,1.0,29.0,0.3873
31.441,close,not_held,0.9872,1.0,1.0,-0.0
31.476,close,not_held,0.9872,1.0,1.0,-0.0
31.514,lift,not_held,0.9879,1.0,1.0,-0.0
31.545,lift,not_held,0.9879,1.0,0.0,-0.0
31.583,lift,not_held,0.9879,1.0,0.0,-0.0
31.618,lift,not_held,0.9872,1.0,0.0,-0.0
31.655,lift,not_held,0.9872,1.0,0.0,-0.0
31.690,lift,not_held,0.9872,1.0,0.0,-0.0
31.724,lift,not_held,0.9879,1.0,0.0,-0.0
31.758,lift,not_held,0.9879,1.0,0.0,-0.0
31.791,lift,not_held,0.9879,1.0,0.0,-0.0
31.827,lift,not_held,0.9879,1.0,0.0,-0.0
31.862,lift,not_held,0.9879,1.0,0.0,-0.0
31.899,lift,not_held,0.9879,1.0,0.0,-0.0
31.934,lift,not_held,0.9879,1.0,0.0,-0.0
31.969,lift,not_held,0.9879,1.0,0.0,-0.0
32.008,lift,not_held,0.9879,1.0,0.0,-0.0
32.042,lift,not_held,0.9879,1.0,0.0,-0.0
32.076,lift,not_held,0.9879,1.0,0.0,-0.0
32.115,lift,not_held,0.9879,1.0,0.0,-0.0
32.150,lift,not_held,0.9879,1.0,0.0,-0.0
32.189,lift,not_held,0.9879,1.0,0.0,-0.0
32.226,lift,not_held,0.9879,1.0,1.0,-0.0
32.261,lift,not_held,0.9879,1.0,1.0,-0.0
32.296,lift,not_held,0.9879,1.0,1.0,-0.0
32.333,lift,not_held,0.9879,1.0,0.0,-0.0
32.370,lift,not_held,0.9879,1.0,0.0,-0.0
32.404,lift,not_held,0.9879,1.0,0.0,-0.0
32.442,lift,not_held,0.9879,1.0,0.0,-0.0
32.478,lift,not_held,0.9879,1.0,0.0,-0.0
32.512,lift,not_held,0.9879,1.0,0.0,-0.0
32.549,lift,not_held,0.9879,1.0,0.0,-0.0
32.584,lift,not_held,0.9879,1.0,0.0,-0.0
32.622,lift,not_held,0.9872,1.0,0.0,-0.0
32.660,lift,not_held,0.9872,1.0,0.0,-0.0
32.694,lift,not_held,0.9872,1.0,0.0,-0.0
32.732,lift,not_held,0.9879,1.0,0.0,-0.0
32.766,lift,not_held,0.9879,1.0,0.0,-0.0
32.804,lift,not_held,0.9879,1.0,0.0,-0.0
32.842,lift,not_held,0.9879,1.0,0.0,-0.0
32.880,lift,not_held,0.9879,1.0,0.0,-0.0
32.918,lift,not_held,0.9879,1.0,0.0,-0.0
32.952,lift,not_held,0.9879,1.0,0.0,-0.0
32.986,lift,not_held,0.9879,1.0,0.0,-0.0
33.021,lift,not_held,0.9879,1.0,0.0,-0.0
33.058,lift,not_held,0.9872,1.0,0.0,-0.0
33.096,lift,not_held,0.9872,1.0,0.0,-0.0
33.134,lift,not_held,0.9879,1.0,0.0,-0.0
33.169,lift,not_held,0.9879,1.0,0.0,-0.0
33.204,lift,not_held,0.9879,1.0,0.0,-0.0
33.242,lift,not_held,0.9879,1.0,1.0,-0.0
33.276,lift,not_held,0.9879,1.0,1.0,-0.0
33.311,lift,not_held,0.9879,1.0,1.0,-0.0
33.346,lift,not_held,0.9879,1.0,1.0,-0.0
33.383,lift,not_held,0.9879,1.0,1.0,-0.0
33.419,lift,not_held,0.9879,1.0,1.0,-0.0
33.453,lift,not_held,0.9879,1.0,1.0,-0.0
33.487,lift,not_held,0.9879,1.0,1.0,-0.0
33.526,lift,not_held,0.9879,1.0,1.0,-0.0
33.562,lift,not_held,0.9879,1.0,0.0,-0.0
33.601,lift,not_held,0.9879,1.0,1.0,-0.0
33.635,lift,not_held,0.9879,1.0,1.0,-0.0
33.673,lift,not_held,0.9879,1.0,1.0,-0.0
33.707,lift,not_held,0.9879,1.0,1.0,-0.0
33.745,lift,not_held,0.9879,1.0,1.0,-0.0
33.784,lift,not_held,0.9879,1.0,0.0,-0.0
33.822,lift,not_held,0.9879,1.0,0.0,-0.0
33.860,lift,not_held,0.9879,1.0,0.0,-0.0
33.898,lift,not_held,0.9879,1.0,0.0,-0.0
33.934,lift,not_held,0.9879,1.0,0.0,-0.0
33.968,lift,not_held,0.9879,1.0,0.0,-0.0
34.005,lift,not_held,0.9879,1.0,0.0,-0.0
34.037,lift,not_held,0.9879,1.0,0.0,-0.0
34.076,lift,not_held,0.9879,1.0,0.0,-0.0
34.111,lift,not_held,0.9879,1.0,0.0,-0.0
34.149,lift,not_held,0.9879,1.0,0.0,-0.0
34.183,lift,not_held,0.9879,1.0,1.0,-0.0
34.217,lift,not_held,0.9879,1.0,1.0,-0.0
34.255,lift,not_held,0.9879,1.0,1.0,-0.0
34.293,lift,not_held,0.9879,1.0,1.0,-0.0
34.330,lift,not_held,0.9879,1.0,1.0,-0.0
34.368,lift,not_held,0.9879,1.0,0.0,-0.0
34.407,lift,not_held,0.9879,1.0,0.0,-0.0
34.445,lift,not_held,0.9879,1.0,0.0,-0.0
34.483,lift,not_held,0.9879,1.0,0.0,-0.0
34.518,lift,not_held,0.9879,1.0,0.0,-0.0
34.556,lift,not_held,0.9879,1.0,0.0,-0.0
34.591,lift,not_held,0.9879,1.0,0.0,-0.0
34.629,lift,not_held,0.9879,1.0,0.0,-0.0
34.667,lift,not_held,0.9879,1.0,0.0,-0.0
34.702,lift,not_held,0.9879,1.0,0.0,-0.0
34.739,lift,not_held,0.9879,1.0,0.0,-0.0
34.777,lift,not_held,0.9879,1.0,0.0,-0.0
34.815,lift,not_held,0.9872,1.0,0.0,-0.0
34.851,lift,not_held,0.9872,1.0,0.0,-0.0
34.889,lift,not_held,0.9872,1.0,0.0,-0.0
34.923,lift,not_held,0.9879,1.0,0.0,-0.0
34.959,lift,not_held,0.9879,1.0,0.0,-0.0
34.993,lift,not_held,0.9872,1.0,0.0,-0.0
35.028,lift,not_held,0.9872,1.0,0.0,-0.0
35.066,lift,not_held,0.9872,1.0,0.0,-0.0
35.102,lift,not_held,0.9879,1.0,0.0,-0.0
35.141,lift,not_held,0.9879,1.0,0.0,-0.0
35.179,lift,not_held,0.9879,1.0,1.0,-0.0
35.217,lift,not_held,0.9879,1.0,1.0,-0.0
35.254,lift,not_held,0.9879,1.0,1.0,-0.0
35.293,lift,not_held,0.9879,1.0,1.0,-0.0
35.330,lift,not_held,0.9879,1.0,1.0,-0.0
35.368,lift,not_held,0.9879,1.0,1.0,-0.0
35.402,lift,not_held,0.9879,1.0,0.0,-0.0
35.438,lift,not_held,0.9879,1.0,0.0,-0.0
35.477,lift,not_held,0.9879,1.0,0.0,-0.0
35.511,lift,not_held,0.9879,1.0,0.0,-0.0
35.550,lift,not_held,0.9879,1.0,0.0,-0.0
35.583,lift,not_held,0.9879,1.0,0.0,-0.0
35.618,lift,not_held,0.9872,1.0,1.0,-0.0
35.653,lift,not_held,0.9872,1.0,1.0,-0.0
35.691,lift,not_held,0.9872,1.0,1.0,-0.0
35.729,lift,not_held,0.9879,1.0,1.0,-0.0
35.768,lift,not_held,0.9879,1.0,1.0,-0.0
35.802,lift,not_held,0.9879,1.0,0.0,-0.0
35.835,lift,not_held,0.9879,1.0,0.0,-0.0
35.874,lift,not_held,0.9879,1.0,0.0,-0.0
35.910,lift,not_held,0.9879,1.0,0.0,-0.0
35.948,lift,not_held,0.9879,1.0,0.0,-0.0
35.985,lift,not_held,0.9879,1.0,0.0,-0.0
36.019,lift,not_held,0.9879,1.0,0.0,-0.0
36.053,lift,not_held,0.9879,1.0,0.0,-0.0
36.092,lift,not_held,0.9879,1.0,0.0,-0.0
36.125,lift,not_held,0.9879,1.0,0.0,-0.0
36.160,lift,not_held,0.9879,1.0,0.0,-0.0
36.194,lift,not_held,0.9879,1.0,0.0,-0.0
36.227,lift,not_held,0.9879,1.0,1.0,-0.0
36.261,lift,not_held,0.9879,1.0,1.0,-0.0
36.296,lift,not_held,0.9879,1.0,1.0,-0.0
36.333,lift,not_held,0.9879,1.0,0.0,-0.0
36.370,lift,not_held,0.9879,1.0,0.0,-0.0
36.409,lift,not_held,0.9879,1.0,0.0,-0.0
36.443,lift,not_held,0.9879,1.0,0.0,-0.0
36.478,lift,not_held,0.9879,1.0,0.0,-0.0
36.514,lift,not_held,0.9879,1.0,0.0,-0.0
36.550,lift,not_held,0.9879,1.0,0.0,-0.0
36.585,lift,not_held,0.9879,1.0,0.0,-0.0
36.624,lift,not_held,0.9879,1.0,0.0,-0.0
36.661,lift,not_held,0.9879,1.0,0.0,-0.0
36.695,lift,not_held,0.9879,1.0,0.0,-0.0
36.734,lift,not_held,0.9879,1.0,0.0,-0.0
36.769,lift,not_held,0.9879,1.0,0.0,-0.0
36.807,lift,not_held,0.9879,1.0,0.0,-0.0
36.843,lift,not_held,0.9879,1.0,0.0,-0.0
36.882,lift,not_held,0.9879,1.0,0.0,-0.0
36.915,lift,not_held,0.9879,1.0,0.0,-0.0
36.952,lift,not_held,0.9879,1.0,0.0,-0.0
36.985,lift,not_held,0.9879,1.0,0.0,-0.0
37.020,lift,not_held,0.9879,1.0,0.0,-0.0
37.059,lift,not_held,0.9879,1.0,0.0,-0.0
37.095,lift,not_held,0.9879,1.0,0.0,-0.0
37.128,lift,not_held,0.9879,1.0,0.0,-0.0
37.166,lift,not_held,0.9879,1.0,0.0,-0.0
37.201,lift,not_held,0.9879,1.0,0.0,-0.0
37.238,lift,not_held,0.9879,1.0,1.0,-0.0
37.276,lift,not_held,0.9879,1.0,1.0,-0.0
37.310,lift,not_held,0.9879,1.0,1.0,-0.0
37.345,lift,not_held,0.9879,1.0,0.0,-0.0
37.379,lift,not_held,0.9879,1.0,0.0,-0.0
37.417,lift,not_held,0.9879,1.0,0.0,-0.0
37.455,lift,not_held,0.9879,1.0,0.0,-0.0
37.492,lift,not_held,0.9879,1.0,0.0,-0.0
37.527,lift,not_held,0.9879,1.0,0.0,-0.0
37.563,lift,not_held,0.9879,1.0,0.0,-0.0
37.600,lift,not_held,0.9879,1.0,0.0,-0.0
37.637,lift,not_held,0.9879,1.0,0.0,-0.0
37.671,lift,not_held,0.9879,1.0,1.0,-0.0
37.707,lift,not_held,0.9879,1.0,1.0,-0.0
37.745,lift,not_held,0.9879,1.0,1.0,-0.0
37.783,lift,not_held,0.9879,1.0,0.0,-0.0
37.817,lift,not_held,0.9879,1.0,0.0,-0.0
37.853,lift,not_held,0.9879,1.0,0.0,-0.0
37.891,lift,not_held,0.9879,1.0,0.0,-0.0
37.926,lift,not_held,0.9879,1.0,0.0,-0.0
37.961,lift,not_held,0.9879,1.0,0.0,-0.0
37.995,lift,not_held,0.9879,1.0,0.0,-0.0
38.030,lift,not_held,0.9879,1.0,0.0,-0.0
38.067,lift,not_held,0.9879,1.0,0.0,-0.0
38.104,lift,not_held,0.9879,1.0,0.0,-0.0
38.141,lift,not_held,0.9879,1.0,0.0,-0.0
38.176,lift,not_held,0.9879,1.0,0.0,-0.0
38.211,lift,not_held,0.9879,1.0,0.0,-0.0
38.245,lift,not_held,0.9879,1.0,0.0,-0.0
38.283,lift,not_held,0.9879,1.0,1.0,-0.0
38.321,lift,not_held,0.9879,1.0,1.0,-0.0
38.360,lift,not_held,0.9879,1.0,0.0,-0.0
38.395,lift,not_held,0.9879,1.0,0.0,-0.0
38.433,lift,not_held,0.9879,1.0,0.0,-0.0
38.469,lift,not_held,0.9879,1.0,0.0,-0.0
38.507,lift,not_held,0.9879,1.0,0.0,-0.0
38.541,lift,not_held,0.9879,1.0,0.0,-0.0
38.580,put_down,not_held,0.9879,1.0,0.0,-0.0
38.614,put_down,not_held,0.9879,1.0,0.0,-0.0
38.650,put_down,not_held,0.9879,1.0,0.0,-0.0
38.687,put_down,not_held,0.9879,1.0,0.0,-0.0
38.721,put_down,not_held,0.9879,1.0,0.0,-0.0
38.758,put_down,not_held,0.9879,1.0,0.0,-0.0
38.793,put_down,not_held,0.9879,1.0,0.0,-0.0
38.827,put_down,not_held,0.9879,1.0,0.0,-0.0
38.862,put_down,not_held,0.9879,1.0,0.0,-0.0
38.899,put_down,not_held,0.9864,1.0,0.0,-0.0
38.934,put_down,not_held,0.9864,1.0,0.0,-0.0
38.972,put_down,not_held,0.9872,1.0,0.0,-0.0
39.007,put_down,not_held,0.9879,1.0,0.0,-0.0
39.044,put_down,not_held,0.9879,1.0,0.0,-0.0
39.079,put_down,not_held,0.9879,1.0,0.0,-0.0
39.116,put_down,not_held,0.9879,1.0,0.0,-0.0
39.152,put_down,not_held,0.9879,1.0,0.0,-0.0
39.188,put_down,not_held,0.9879,1.0,1.0,-0.0
39.223,put_down,not_held,0.9879,1.0,1.0,-0.0
39.262,put_down,not_held,0.9879,1.0,1.0,-0.0
39.295,put_down,not_held,0.9879,1.0,0.0,-0.0
39.331,put_down,not_held,0.9879,1.0,0.0,-0.0
39.369,put_down,not_held,0.9879,1.0,0.0,-0.0
39.404,put_down,not_held,0.9872,1.0,0.0,-0.0
39.441,put_down,not_held,0.9872,1.0,0.0,-0.0
39.478,put_down,not_held,0.9872,1.0,0.0,-0.0
39.512,put_down,not_held,0.9879,1.0,0.0,-0.0
39.547,put_down,not_held,0.9879,1.0,0.0,-0.0
39.581,put_down,not_held,0.9879,1.0,0.0,-0.0
39.619,put_down,not_held,0.9879,1.0,0.0,-0.0
39.653,put_down,not_held,0.9879,1.0,0.0,-0.0
39.691,put_down,not_held,0.9879,1.0,0.0,-0.0
39.726,put_down,not_held,0.9879,1.0,0.0,-0.0
39.760,put_down,not_held,0.9879,1.0,0.0,-0.0
39.799,put_down,not_held,0.9879,1.0,0.0,-0.0
39.834,put_down,not_held,0.9879,1.0,0.0,-0.0
39.868,put_down,not_held,0.9879,1.0,0.0,-0.0
39.905,put_down,not_held,0.9879,1.0,0.0,-0.0
39.939,put_down,not_held,0.9879,1.0,0.0,-0.0
39.973,put_down,not_held,0.9879,1.0,0.0,-0.0
40.008,put_down,not_held,0.9879,1.0,0.0,-0.0
40.046,put_down,not_held,0.9879,1.0,0.0,-0.0
40.079,put_down,not_held,0.9879,1.0,0.0,-0.0
40.118,put_down,not_held,0.9879,1.0,0.0,-0.0
40.152,put_down,not_held,0.9879,1.0,0.0,-0.0
40.189,put_down,not_held,0.9879,1.0,0.0,-0.0
40.227,put_down,not_held,0.9879,1.0,1.0,-0.0
40.265,put_down,not_held,0.9879,1.0,1.0,-0.0
40.303,put_down,not_held,0.9879,1.0,1.0,-0.0
40.337,put_down,not_held,0.9879,1.0,1.0,-0.0
40.375,put_down,not_held,0.9879,1.0,1.0,-0.0
40.409,put_down,not_held,0.9879,1.0,1.0,-0.0
40.443,put_down,not_held,0.9879,1.0,0.0,-0.0
40.481,put_down,not_held,0.9879,1.0,0.0,-0.0
40.518,put_down,not_held,0.9879,1.0,0.0,-0.0
40.554,put_down,not_held,0.9879,1.0,0.0,-0.0
40.588,put_down,not_held,0.9879,1.0,0.0,-0.0
40.623,put_down,not_held,0.9879,1.0,0.0,-0.0
40.659,put_down,not_held,0.9879,1.0,0.0,-0.0
40.696,put_down,not_held,0.9879,1.0,0.0,-0.0
40.732,put_down,not_held,0.9879,1.0,0.0,-0.0
40.769,put_down,not_held,0.9879,1.0,0.0,-0.0
40.802,put_down,not_held,0.9879,1.0,0.0,-0.0
40.837,put_down,not_held,0.9879,1.0,0.0,-0.0
40.874,put_down,not_held,0.9879,1.0,0.0,-0.0
40.911,put_down,not_held,0.9879,1.0,0.0,-0.0
40.950,put_down,not_held,0.9879,1.0,0.0,-0.0
40.987,put_down,not_held,0.9879,1.0,0.0,-0.0
41.022,put_down,not_held,0.9879,1.0,0.0,-0.0
41.058,put_down,not_held,0.9879,1.0,0.0,-0.0
41.095,put_down,not_held,0.9879,1.0,0.0,-0.0
41.129,put_down,not_held,0.9879,1.0,0.0,-0.0
41.167,put_down,not_held,0.9879,1.0,0.0,-0.0
41.204,put_down,not_held,0.9879,1.0,0.0,-0.0
41.241,put_down,not_held,0.9879,1.0,0.0,-0.0
41.279,put_down,not_held,0.9879,1.0,0.0,-0.0
41.317,put_down,not_held,0.9879,1.0,0.0,-0.0
41.355,put_down,not_held,0.9879,1.0,0.0,-0.0
41.394,put_down,not_held,0.9879,1.0,0.0,-0.0
41.427,put_down,not_held,0.9879,1.0,0.0,-0.0
41.461,put_down,not_held,0.9879,1.0,0.0,-0.0
41.497,put_down,not_held,0.9879,1.0,0.0,-0.0
41.534,put_down,not_held,0.9879,1.0,0.0,-0.0
41.568,put_down,not_held,0.9879,1.0,0.0,-0.0
41.604,put_down,not_held,0.9879,1.0,0.0,-0.0
41.642,put_down,not_held,0.9879,1.0,0.0,-0.0
41.678,put_down,not_held,0.9879,1.0,0.0,-0.0
41.714,put_down,not_held,0.9879,1.0,0.0,-0.0
41.751,put_down,not_held,0.9879,1.0,0.0,-0.0
41.787,put_down,not_held,0.9879,1.0,0.0,-0.0
41.826,put_down,not_held,0.9879,1.0,0.0,-0.0
41.862,put_down,not_held,0.9872,1.0,0.0,-0.0
41.899,put_down,not_held,0.9872,1.0,1.0,-0.0
41.935,put_down,not_held,0.9872,1.0,1.0,-0.0
41.973,put_down,not_held,0.9879,1.0,0.0,-0.0
42.009,put_down,not_held,0.9879,1.0,0.0,-0.0
42.047,put_down,not_held,0.9879,1.0,0.0,-0.0
42.084,put_down,not_held,0.9879,1.0,0.0,-0.0
42.118,put_down,not_held,0.9879,1.0,0.0,-0.0
42.152,put_down,not_held,0.9879,1.0,0.0,-0.0
42.188,put_down,not_held,0.9872,1.0,0.0,-0.0
42.222,put_down,not_held,0.9872,1.0,0.0,-0.0
42.259,put_down,not_held,0.9879,1.0,1.0,-0.0
42.294,put_down,not_held,0.9879,1.0,1.0,-0.0
42.332,put_down,not_held,0.9879,1.0,1.0,-0.0
42.370,put_down,not_held,0.9872,1.0,0.0,-0.0
42.404,put_down,not_held,0.9872,1.0,0.0,-0.0
42.438,put_down,not_held,0.9872,1.0,0.0,-0.0
42.475,put_down,not_held,0.9872,1.0,0.0,-0.0
42.513,put_down,not_held,0.9872,1.0,0.0,-0.0
42.550,put_down,not_held,0.9872,1.0,0.0,-0.0
42.584,put_down,not_held,0.9879,1.0,0.0,-0.0
42.622,put_down,not_held,0.9879,1.0,0.0,-0.0
42.660,put_down,not_held,0.9879,1.0,0.0,-0.0
42.699,put_down,not_held,0.9864,1.0,0.0,-0.0
42.734,put_down,not_held,0.9864,1.0,0.0,-0.0
42.771,put_down,not_held,0.9864,1.0,0.0,-0.0
42.808,put_down,not_held,0.9872,1.0,0.0,-0.0
42.845,put_down,not_held,0.9872,1.0,0.0,-0.0
42.879,put_down,not_held,0.9872,1.0,0.0,-0.0
42.916,put_down,not_held,0.9872,1.0,0.0,-0.0
42.950,put_down,not_held,0.9872,1.0,0.0,-0.0
42.987,put_down,not_held,0.9872,1.0,0.0,-0.0
43.021,put_down,not_held,0.9872,1.0,0.0,-0.0
43.055,put_down,not_held,0.9872,1.0,0.0,-0.0
43.091,put_down,not_held,0.9872,1.0,0.0,-0.0
43.127,put_down,not_held,0.9872,1.0,0.0,-0.0
43.163,put_down,not_held,0.9872,1.0,0.0,-0.0
43.201,put_down,not_held,0.9872,1.0,1.0,-0.0
43.237,put_down,not_held,0.9872,1.0,1.0,-0.0
43.271,put_down,not_held,0.9872,1.0,1.0,-0.0
43.308,put_down,not_held,0.9872,1.0,1.0,-0.0
43.345,put_down,not_held,0.9872,1.0,1.0,-0.0
43.381,put_down,not_held,0.9872,1.0,1.0,-0.0
43.418,put_down,not_held,0.9872,1.0,1.0,-0.0
43.451,put_down,not_held,0.9872,1.0,1.0,-0.0
43.486,put_down,not_held,0.9872,1.0,0.0,-0.0
43.521,put_down,not_held,0.9872,1.0,0.0,-0.0
43.556,put_down,not_held,0.9872,1.0,0.0,-0.0
43.591,put_down,not_held,0.9872,1.0,0.0,-0.0
43.625,put_down,not_held,0.9872,1.0,0.0,-0.0
43.659,put_down,not_held,0.9872,1.0,0.0,-0.0
43.693,put_down,not_held,0.9872,1.0,0.0,-0.0
43.731,put_down,not_held,0.9872,1.0,0.0,-0.0
43.765,put_down,not_held,0.9872,1.0,0.0,-0.0
43.800,put_down,not_held,0.9872,1.0,0.0,-0.0
43.837,put_down,not_held,0.9872,1.0,0.0,-0.0
43.875,put_down,not_held,0.9872,1.0,0.0,-0.0
43.908,put_down,not_held,0.9872,1.0,0.0,-0.0
43.946,put_down,not_held,0.9872,1.0,0.0,-0.0
43.983,put_down,not_held,0.9872,1.0,0.0,-0.0
44.021,put_down,not_held,0.9872,1.0,0.0,-0.0
44.058,put_down,not_held,0.9872,1.0,0.0,-0.0
44.093,put_down,not_held,0.9872,1.0,0.0,-0.0
44.131,put_down,not_held,0.9872,1.0,0.0,-0.0
44.169,put_down,not_held,0.9872,1.0,0.0,-0.0
44.206,put_down,not_held,0.9872,1.0,1.0,-0.0
44.244,put_down,not_held,0.9872,1.0,1.0,-0.0
44.278,put_down,not_held,0.9872,1.0,1.0,-0.0
44.316,put_down,not_held,0.9872,1.0,1.0,-0.0
44.351,put_down,not_held,0.9872,1.0,1.0,-0.0
44.385,put_down,not_held,0.9872,1.0,1.0,-0.0
44.420,put_down,not_held,0.9872,1.0,1.0,-0.0
44.453,put_down,not_held,0.9872,1.0,1.0,-0.0
44.491,put_down,not_held,0.9872,1.0,1.0,-0.0
44.530,put_down,not_held,0.9872,1.0,0.0,-0.0
44.567,put_down,not_held,0.9872,1.0,0.0,-0.0
44.604,put_down,not_held,0.9872,1.0,0.0,-0.0
44.640,put_down,not_held,0.9872,1.0,1.0,-0.0
44.678,put_down,not_held,0.9872,1.0,1.0,-0.0
44.716,put_down,not_held,0.9872,1.0,0.0,-0.0
44.752,put_down,not_held,0.9872,1.0,0.0,-0.0
44.789,put_down,not_held,0.9872,1.0,0.0,-0.0
44.823,put_down,not_held,0.9872,1.0,0.0,-0.0
44.861,put_down,not_held,0.9872,1.0,0.0,-0.0
44.899,put_down,not_held,0.9872,1.0,0.0,-0.0
44.937,put_down,not_held,0.9872,1.0,0.0,-0.0
44.972,put_down,not_held,0.9872,1.0,0.0,-0.0
45.005,put_down,not_held,0.9872,1.0,0.0,-0.0
45.041,put_down,not_held,0.9872,1.0,0.0,-0.0
45.076,put_down,not_held,0.9872,1.0,0.0,-0.0
45.109,put_down,not_held,0.9872,1.0,0.0,-0.0
45.147,put_down,not_held,0.9872,1.0,0.0,-0.0
45.185,put_down,not_held,0.9872,1.0,0.0,-0.0
45.223,put_down,not_held,0.9872,1.0,0.0,-0.0
45.262,put_down,not_held,0.9872,1.0,1.0,-0.0
45.299,put_down,not_held,0.9872,1.0,1.0,-0.0
45.334,put_down,not_held,0.9872,1.0,0.0,-0.0
45.369,put_down,not_held,0.9872,1.0,0.0,-0.0
45.403,put_down,not_held,0.9872,1.0,0.0,-0.0
45.440,put_down,not_held,0.9872,1.0,0.0,-0.0
45.477,put_down,not_held,0.9872,1.0,0.0,-0.0
45.511,put_down,not_held,0.9872,1.0,0.0,-0.0
45.549,put_down,not_held,0.9872,1.0,0.0,-0.0
45.583,put_down,not_held,0.9872,1.0,0.0,-0.0
45.619,put_down,not_held,0.9872,1.0,0.0,-0.0
45.653,put_down,not_held,0.9872,1.0,0.0,-0.0
45.691,put_down,not_held,0.9872,1.0,0.0,-0.0
45.725,put_down,not_held,0.9872,1.0,0.0,-0.0
45.761,put_down,not_held,0.9864,1.0,0.0,-0.0
45.795,put_down,not_held,0.9864,1.0,0.0,-0.0
45.832,put_down,not_held,0.9864,1.0,0.0,-0.0
45.865,put_down,not_held,0.9864,1.0,0.0,-0.0
45.904,put_down,not_held,0.9864,1.0,0.0,-0.0
45.942,put_down,not_held,0.9864,1.0,0.0,-0.0
45.980,put_down,not_held,0.9864,1.0,3.0,-0.0
46.018,put_down,not_held,0.9864,1.0,3.0,-0.0
46.053,put_down,not_held,0.9864,1.0,3.0,-0.0
46.087,put_down,not_held,0.9864,1.0,0.0,-0.0
46.123,put_down,not_held,0.9864,1.0,0.0,-0.0
46.157,put_down,not_held,0.9864,1.0,1.0,-0.0
46.194,put_down,not_held,0.9864,1.0,1.0,-0.0
46.228,put_down,not_held,0.9864,1.0,1.0,-0.0
46.261,put_down,not_held,0.9857,1.0,0.0,-0.0
46.299,put_down,not_held,0.9857,1.0,1.0,-0.0
46.336,put_down,not_held,0.9857,1.0,1.0,-0.0
46.370,put_down,not_held,0.9864,1.0,1.0,-0.0
46.404,put_down,not_held,0.9864,1.0,2.0,-0.0
46.442,put_down,not_held,0.9864,1.0,2.0,-0.0
46.476,put_down,not_held,0.9864,1.0,2.0,-0.0
46.514,put_down,not_held,0.9864,1.0,0.0,-0.0
46.552,put_down,not_held,0.9864,1.0,0.0,-0.0
46.587,put_down,not_held,0.9864,1.0,1.0,-0.0
46.624,put_down,not_held,0.9864,1.0,1.0,-0.0
46.663,put_down,not_held,0.9864,1.0,1.0,-0.0
46.702,put_down,not_held,0.9864,1.0,0.0,-0.0
46.740,put_down,not_held,0.9864,1.0,0.0,-0.0
46.778,put_down,not_held,0.9864,1.0,0.0,-0.0
46.817,put_down,not_held,0.9864,1.0,1.0,-0.0
46.855,put_down,not_held,0.9864,1.0,1.0,-0.0
46.890,put_down,not_held,0.9864,1.0,0.0,-0.0
46.928,put_down,not_held,0.9864,1.0,0.0,-0.0
46.966,put_down,not_held,0.9864,1.0,0.0,-0.0
47.004,put_down,not_held,0.9857,1.0,0.0,-0.0
47.041,put_down,not_held,0.9857,1.0,0.0,-0.0
47.075,put_down,not_held,0.9857,1.0,0.0,-0.0
47.113,put_down,not_held,0.9857,1.0,0.0,-0.0
47.146,put_down,not_held,0.9857,1.0,0.0,-0.0
47.184,put_down,not_held,0.9864,1.0,0.0,-0.0
47.217,put_down,not_held,0.9864,1.0,0.0,-0.0
47.253,put_down,not_held,0.9864,1.0,0.0,-0.0
47.291,put_down,not_held,0.9864,1.0,0.0,-0.0
47.329,put_down,not_held,0.9864,1.0,0.0,-0.0
47.367,put_down,not_held,0.9864,1.0,0.0,-0.0
47.402,put_down,not_held,0.9864,1.0,0.0,-0.0
47.440,put_down,not_held,0.9864,1.0,0.0,-0.0
47.477,put_down,not_held,0.9864,1.0,0.0,-0.0
47.515,put_down,not_held,0.9857,1.0,0.0,-0.0
47.550,put_down,not_held,0.9857,1.0,0.0,-0.0
47.587,put_down,not_held,0.9857,1.0,0.0,-0.0
47.621,put_down,not_held,0.9857,1.0,0.0,-0.0
47.656,put_down,not_held,0.9857,1.0,0.0,-0.0
47.695,put_down,not_held,0.9864,1.0,0.0,-0.0
47.729,put_down,not_held,0.9864,1.0,0.0,-0.0
47.762,put_down,not_held,0.9864,1.0,0.0,-0.0
47.801,put_down,not_held,0.9864,1.0,0.0,-0.0
47.838,put_down,not_held,0.9864,1.0,1.0,-0.0
47.874,put_down,not_held,0.9864,1.0,1.0,-0.0
47.912,put_down,not_held,0.9857,1.0,1.0,-0.0
47.946,put_down,not_held,0.9857,1.0,0.0,-0.0
47.984,put_down,not_held,0.9857,1.0,0.0,-0.0
48.022,put_down,not_held,0.9864,1.0,0.0,-0.0
48.060,put_down,not_held,0.9864,1.0,0.0,-0.0
48.094,put_down,not_held,0.9857,1.0,0.0,-0.0
48.128,put_down,not_held,0.9857,1.0,0.0,-0.0
48.163,put_down,not_held,0.9857,1.0,0.0,-0.0
48.202,put_down,not_held,0.9857,1.0,0.0,-0.0
48.239,put_down,not_held,0.9857,1.0,2.0,-0.0
48.276,put_down,not_held,0.9857,1.0,2.0,-0.0
48.312,put_down,not_held,0.9857,1.0,2.0,-0.0
48.350,put_down,not_held,0.9857,1.0,0.0,-0.0
48.384,put_down,not_held,0.9857,1.0,0.0,-0.0
48.421,put_down,not_held,0.9857,1.0,0.0,-0.0
48.455,put_down,not_held,0.9857,1.0,2.0,-0.0
48.488,put_down,not_held,0.9857,1.0,2.0,-0.0
48.524,put_down,not_held,0.9857,1.0,2.0,-0.0
48.558,put_down,not_held,0.9857,1.0,5.0,-0.0
48.596,put_down,not_held,0.9857,1.0,5.0,-0.0
48.633,put_down,not_held,0.9857,1.0,0.0,-0.0
48.666,put_down,not_held,0.9857,1.0,0.0,-0.0
48.700,put_down,not_held,0.9857,1.0,0.0,-0.0
48.734,put_down,not_held,0.9857,1.0,0.0,-0.0
48.768,put_down,not_held,0.9857,1.0,1.0,-0.0
48.802,put_down,not_held,0.9857,1.0,1.0,-0.0
48.836,put_down,not_held,0.9857,1.0,0.0,-0.0
48.871,put_down,not_held,0.9857,1.0,0.0,-0.0
48.908,put_down,not_held,0.9857,1.0,0.0,-0.0
48.946,put_down,not_held,0.9864,1.0,1.0,-0.0
48.982,put_down,not_held,0.9864,1.0,1.0,-0.0
49.017,put_down,not_held,0.9864,1.0,1.0,-0.0
49.052,put_down,not_held,0.9857,1.0,0.0,-0.0
49.086,put_down,not_held,0.9857,1.0,0.0,-0.0
49.123,put_down,not_held,0.9857,1.0,0.0,-0.0
49.158,put_down,not_held,0.9857,1.0,1.0,-0.0
49.197,put_down,not_held,0.9857,1.0,1.0,-0.0
49.231,put_down,not_held,0.9857,1.0,2.0,-0.0
49.269,put_down,not_held,0.9857,1.0,1.0,-0.0
49.308,put_down,not_held,0.9857,1.0,1.0,-0.0
49.346,put_down,not_held,0.9857,1.0,1.0,-0.0
49.384,put_down,not_held,0.9849,1.0,1.0,-0.0
49.419,put_down,not_held,0.9849,1.0,1.0,-0.0
49.457,put_down,not_held,0.9857,1.0,1.0,-0.0
49.494,put_down,not_held,0.9857,1.0,1.0,-0.0
49.529,put_down,not_held,0.9857,1.0,1.0,-0.0
49.566,put_down,not_held,0.9857,1.0,0.0,-0.0
49.605,put_down,not_held,0.9857,1.0,0.0,-0.0
49.643,put_down,not_held,0.9857,1.0,0.0,-0.0
49.677,put_down,not_held,0.9857,1.0,0.0,-0.0
49.711,put_down,not_held,0.9857,1.0,0.0,-0.0
49.750,release,not_held,0.9857,0.9722,0.0,-0.0
49.784,release,uncertain,0.9857,0.9444,0.0,-0.0
49.817,release,uncertain,0.9857,0.9167,0.0,-0.0
49.851,release,uncertain,0.9857,0.8889,3.0,-0.0
49.889,release,uncertain,0.9744,0.8611,24.0,0.1056
49.924,release,uncertain,0.9744,0.8333,24.0,0.1056
49.958,release,uncertain,0.9744,0.8056,24.0,0.1056
49.993,release,uncertain,0.9406,0.7778,206.0,0.4227
50.031,release,uncertain,0.9406,0.75,206.0,0.4227
50.067,release,uncertain,0.9406,0.7222,206.0,0.4227
50.101,release,uncertain,0.8992,0.6944,257.0,0.4349
50.135,release,uncertain,0.8992,0.6667,257.0,0.4349
50.174,release,uncertain,0.8421,0.6389,449.0,0.5762
50.209,release,uncertain,0.8421,0.6111,449.0,0.5762
50.244,release,uncertain,0.8421,0.5833,449.0,0.5762
50.278,release,uncertain,0.7864,0.5556,511.0,0.5527
50.316,release,uncertain,0.7864,0.5278,511.0,0.5527
50.350,release,uncertain,0.7864,0.5,511.0,0.5527
50.388,release,uncertain,0.7524,0.4722,543.0,0.5999
50.427,release,uncertain,0.7134,0.4444,494.0,0.6703
50.460,release,uncertain,0.7134,0.4167,494.0,0.6703
50.499,release,uncertain,0.6404,0.3889,469.0,0.6822
50.533,release,uncertain,0.6404,0.3611,469.0,0.6822
50.570,release,uncertain,0.6404,0.3333,469.0,0.6822
50.605,release,uncertain,0.5644,0.3056,592.0,0.7646
50.644,release,uncertain,0.5644,0.2778,592.0,0.7646
50.678,release,uncertain,0.5275,0.25,578.0,0.7528
50.711,release,uncertain,0.4854,0.2222,475.0,0.7998
50.745,release,uncertain,0.4854,0.1944,475.0,0.7998
50.784,release,uncertain,0.4477,0.1667,481.0,0.7998
50.819,release,uncertain,0.4109,0.1389,520.0,0.7293
50.854,release,uncertain,0.4109,0.1111,520.0,0.7293
50.891,release,uncertain,0.3694,0.0833,523.0,0.7293
50.927,release,uncertain,0.3266,0.0556,492.0,0.788
50.961,release,uncertain,0.3266,0.0278,492.0,0.788
50.998,release,uncertain,0.2446,0.0,436.0,0.8117
51.034,release,uncertain,0.2446,0.0,436.0,0.8117
51.069,release,uncertain,0.2446,0.0,436.0,0.8117
51.105,release,uncertain,0.1641,0.0,532.0,0.7763
51.141,release,uncertain,0.1641,0.0,532.0,0.7763
51.176,release,uncertain,0.1302,0.0,471.0,0.741
51.210,release,uncertain,0.1054,0.0,362.0,0.5884
51.245,release,uncertain,0.1054,0.0,362.0,0.5884
51.283,release,uncertain,0.1054,0.0,362.0,0.5884
51.319,release,not_held,0.0745,0.0,224.0,0.2943
51.353,release,not_held,0.0745,0.0,224.0,0.2943
51.391,release,not_held,0.0617,0.0,201.0,0.2117
51.427,release,not_held,0.0557,0.0,140.0,0.1531
51.466,release,not_held,0.0557,0.0,140.0,0.1531
51.502,release,not_held,0.0474,0.0,126.0,0.1177
51.536,release,not_held,0.0437,0.0,101.0,0.0942
51.570,release,not_held,0.0437,0.0,101.0,0.0942
51.609,release,not_held,0.0369,0.0,79.0,0.0706
51.645,release,not_held,0.0369,0.0,79.0,0.0706
51.682,release,not_held,0.0369,0.0,79.0,0.0706
51.716,release,not_held,0.0331,0.0,37.0,0.0236
51.752,release,not_held,0.0331,0.0,37.0,0.0236
51.787,release,not_held,0.0331,0.0,37.0,0.0236
51.824,release,not_held,0.0293,0.0,53.0,0.0118
51.863,release,not_held,0.0293,0.0,53.0,0.0118
51.898,release,not_held,0.0278,0.0,52.0,0.0118
51.932,release,not_held,0.0271,0.0,51.0,0.0118
51.968,release,not_held,0.0271,0.0,51.0,0.0118
52.003,release,not_held,0.0263,0.0,50.0,0.0118
52.042,release,not_held,0.0263,0.0,43.0,0.0118
52.077,release,not_held,0.0263,0.0,43.0,0.0118
52.112,release,not_held,0.0248,0.0,43.0,-0.0
52.147,release,not_held,0.0241,0.0,37.0,-0.0
52.184,release,not_held,0.0241,0.0,37.0,-0.0
52.222,release,not_held,0.0248,0.0,38.0,-0.0
52.256,release,not_held,0.0248,0.0,38.0,-0.0
52.295,release,not_held,0.0248,0.0,38.0,-0.0
52.329,release,not_held,0.0233,0.0,36.0,-0.0
52.366,release,not_held,0.0233,0.0,36.0,-0.0
52.397,release,not_held,0.0233,0.0,36.0,-0.0
52.433,release,not_held,0.0226,0.0,41.0,-0.0
52.466,release,not_held,0.0226,0.0,41.0,-0.0
52.501,release,not_held,0.0226,0.0,41.0,-0.0
52.539,release,not_held,0.0226,0.0,38.0,-0.0
52.576,release,not_held,0.0226,0.0,38.0,-0.0
52.610,release,not_held,0.0226,0.0,38.0,-0.0
52.647,release,not_held,0.0226,0.0,36.0,-0.0
52.683,release,not_held,0.0226,0.0,36.0,-0.0
52.719,release,not_held,0.0218,0.0,36.0,-0.0
52.753,release,not_held,0.0218,0.0,33.0,-0.0
52.792,release,not_held,0.0218,0.0,33.0,-0.0
52.826,release,not_held,0.0218,0.0,33.0,-0.0
52.860,release,not_held,0.0203,0.0,33.0,-0.0
52.898,release,not_held,0.0203,0.0,33.0,-0.0
52.936,release,not_held,0.0203,0.0,33.0,-0.0
52.973,release,not_held,0.0203,0.0,31.0,-0.0
53.011,release,not_held,0.0203,0.0,31.0,-0.0
53.044,release,not_held,0.0196,0.0,30.0,-0.0
53.079,release,not_held,0.0196,0.0,30.0,-0.0
53.113,release,not_held,0.0196,0.0,30.0,-0.0
53.150,release,not_held,0.0196,0.0,35.0,-0.0
53.185,release,not_held,0.0196,0.0,35.0,-0.0
53.221,release,not_held,0.0196,0.0,35.0,-0.0
53.260,release,not_held,0.0211,0.0,32.0,-0.0
53.296,release,not_held,0.0211,0.0,32.0,-0.0
53.329,release,not_held,0.0211,0.0,31.0,-0.0
53.364,release,not_held,0.0211,0.0,31.0,-0.0
53.401,release,not_held,0.0211,0.0,31.0,-0.0
53.434,release,not_held,0.0211,0.0,31.0,-0.0
53.469,release,not_held,0.0196,0.0,31.0,-0.0
53.505,release,not_held,0.0196,0.0,31.0,-0.0
53.542,release,not_held,0.0196,0.0,31.0,-0.0
53.579,release,not_held,0.0196,0.0,31.0,-0.0
53.614,release,not_held,0.0196,0.0,31.0,-0.0
53.652,release,not_held,0.0196,0.0,31.0,-0.0
53.686,release,not_held,0.0196,0.0,31.0,-0.0
53.721,release,not_held,0.0196,0.0,31.0,-0.0
53.755,release,not_held,0.0196,0.0,31.0,-0.0
53.792,release,not_held,0.0196,0.0,31.0,-0.0
53.832,back_off,not_held,0.0196,0.0,31.0,-0.0
53.865,back_off,not_held,0.0196,0.0,31.0,-0.0
53.900,back_off,not_held,0.0196,0.0,31.0,-0.0
53.938,back_off,not_held,0.0196,0.0,31.0,-0.0
53.976,back_off,not_held,0.0196,0.0,33.0,-0.0
54.014,back_off,not_held,0.0196,0.0,33.0,-0.0
54.049,back_off,not_held,0.0196,0.0,33.0,-0.0
54.083,back_off,not_held,0.0196,0.0,33.0,-0.0
54.118,back_off,not_held,0.0196,0.0,33.0,-0.0
54.152,back_off,not_held,0.0196,0.0,33.0,-0.0
54.188,back_off,not_held,0.0211,0.0,31.0,-0.0
54.226,back_off,not_held,0.0211,0.0,31.0,-0.0
54.264,back_off,not_held,0.0211,0.0,32.0,-0.0
54.303,back_off,not_held,0.0196,0.0,34.0,-0.0
54.338,back_off,not_held,0.0196,0.0,34.0,-0.0
54.376,back_off,not_held,0.0196,0.0,33.0,-0.0
54.412,back_off,not_held,0.0196,0.0,31.0,-0.0
54.450,back_off,not_held,0.0196,0.0,31.0,-0.0
54.489,back_off,not_held,0.0196,0.0,32.0,-0.0
54.523,back_off,not_held,0.0196,0.0,32.0,-0.0
54.559,back_off,not_held,0.0196,0.0,32.0,-0.0
54.593,back_off,not_held,0.0196,0.0,30.0,-0.0
54.627,back_off,not_held,0.0196,0.0,30.0,-0.0
54.663,back_off,not_held,0.0196,0.0,30.0,-0.0
54.700,back_off,not_held,0.0196,0.0,35.0,-0.0
54.736,back_off,not_held,0.0196,0.0,35.0,-0.0
54.770,back_off,not_held,0.0196,0.0,35.0,-0.0
54.810,back_off,not_held,0.0196,0.0,30.0,-0.0
54.843,back_off,not_held,0.0196,0.0,30.0,-0.0
54.881,back_off,not_held,0.0196,0.0,30.0,-0.0
54.917,back_off,not_held,0.0196,0.0,30.0,-0.0
54.954,back_off,not_held,0.0196,0.0,30.0,-0.0
54.992,back_off,not_held,0.0196,0.0,30.0,-0.0
55.027,back_off,not_held,0.0196,0.0,34.0,-0.0
55.062,back_off,not_held,0.0196,0.0,34.0,-0.0
55.100,back_off,not_held,0.0203,0.0,31.0,-0.0
55.133,back_off,not_held,0.0203,0.0,31.0,-0.0
55.169,back_off,not_held,0.0203,0.0,31.0,-0.0
55.206,back_off,not_held,0.0196,0.0,33.0,-0.0
55.241,back_off,not_held,0.0196,0.0,33.0,-0.0
55.279,back_off,not_held,0.0196,0.0,33.0,-0.0
55.317,back_off,not_held,0.0196,0.0,30.0,-0.0
55.353,back_off,not_held,0.0196,0.0,30.0,-0.0
55.391,back_off,not_held,0.0196,0.0,30.0,-0.0
55.426,back_off,not_held,0.0196,0.0,31.0,-0.0
55.463,back_off,not_held,0.0196,0.0,31.0,-0.0
55.501,back_off,not_held,0.0196,0.0,31.0,-0.0
55.534,back_off,not_held,0.0196,0.0,30.0,-0.0
55.572,back_off,not_held,0.0196,0.0,30.0,-0.0
55.610,back_off,not_held,0.0196,0.0,31.0,-0.0
55.645,back_off,not_held,0.0196,0.0,31.0,-0.0
55.682,back_off,not_held,0.0196,0.0,31.0,-0.0
55.718,back_off,not_held,0.0196,0.0,30.0,-0.0
55.753,back_off,not_held,0.0196,0.0,30.0,-0.0
55.792,back_off,not_held,0.0196,0.0,30.0,-0.0
55.827,back_off,not_held,0.0196,0.0,31.0,-0.0
55.863,back_off,not_held,0.0196,0.0,31.0,-0.0
55.901,back_off,not_held,0.0196,0.0,31.0,-0.0
55.936,back_off,not_held,0.0196,0.0,31.0,-0.0
55.969,back_off,not_held,0.0196,0.0,31.0,-0.0
56.004,back_off,not_held,0.0196,0.0,31.0,-0.0
56.042,back_off,not_held,0.0196,0.0,31.0,-0.0
56.080,back_off,not_held,0.0196,0.0,31.0,-0.0
56.118,back_off,not_held,0.0196,0.0,35.0,-0.0
56.156,clear_failed,not_held,0.0196,0.0,35.0,-0.0
56.189,clear_failed,not_held,0.0196,0.0,35.0,-0.0
56.226,clear_failed,not_held,0.0196,0.0,30.0,-0.0
56.265,clear_failed,not_held,0.0196,0.0,30.0,-0.0
56.301,clear_failed,not_held,0.0196,0.0,30.0,-0.0
56.337,clear_failed,not_held,0.0196,0.0,30.0,-0.0
56.372,clear_failed,not_held,0.0196,0.0,30.0,-0.0
56.411,clear_failed,not_held,0.0196,0.0,30.0,-0.0
56.445,clear_failed,not_held,0.0196,0.0,31.0,-0.0
56.480,clear_failed,not_held,0.0196,0.0,31.0,-0.0
56.516,clear_failed,not_held,0.0196,0.0,31.0,-0.0
56.554,clear_failed,not_held,0.0196,0.0,31.0,-0.0
56.592,clear_failed,not_held,0.0196,0.0,31.0,-0.0
56.626,clear_failed,not_held,0.0196,0.0,31.0,-0.0
56.662,clear_failed,not_held,0.0196,0.0,30.0,-0.0
56.700,clear_failed,not_held,0.0196,0.0,30.0,-0.0
56.738,clear_failed,not_held,0.0196,0.0,31.0,-0.0
56.777,clear_failed,not_held,0.0196,0.0,31.0,-0.0
56.816,clear_failed,not_held,0.0196,0.0,31.0,-0.0
56.855,clear_failed,not_held,0.0196,0.0,30.0,-0.0
56.894,clear_failed,not_held,0.0196,0.0,30.0,-0.0
56.931,clear_failed,not_held,0.0196,0.0,30.0,-0.0
56.967,clear_failed,not_held,0.0196,0.0,30.0,-0.0
57.001,clear_failed,not_held,0.0196,0.0,30.0,-0.0
57.038,clear_failed,not_held,0.0196,0.0,30.0,-0.0
57.075,clear_failed,not_held,0.0196,0.0,31.0,-0.0
57.113,clear_failed,not_held,0.0196,0.0,31.0,-0.0
57.148,clear_failed,not_held,0.0196,0.0,30.0,-0.0
57.183,clear_failed,not_held,0.0196,0.0,30.0,-0.0
57.220,clear_failed,not_held,0.0196,0.0,30.0,-0.0
57.256,clear_failed,not_held,0.0196,0.0,31.0,-0.0
57.293,clear_failed,not_held,0.0196,0.0,31.0,-0.0
57.332,clear_failed,not_held,0.0196,0.0,31.0,-0.0
57.365,clear_failed,not_held,0.0196,0.0,68.0,-0.0
57.399,clear_failed,not_held,0.0196,0.0,68.0,-0.0
57.434,clear_failed,not_held,0.0196,0.0,68.0,-0.0
57.469,clear_failed,not_held,0.0196,0.0,31.0,-0.0
57.505,clear_failed,not_held,0.0196,0.0,31.0,-0.0
57.542,clear_failed,not_held,0.0196,0.0,31.0,-0.0
57.580,clear_failed,not_held,0.0196,0.0,30.0,-0.0
57.617,clear_failed,not_held,0.0196,0.0,30.0,-0.0
57.651,clear_failed,not_held,0.0196,0.0,30.0,-0.0
57.686,clear_failed,not_held,0.0196,0.0,27.0,-0.0
57.719,clear_failed,not_held,0.0196,0.0,27.0,-0.0
57.753,clear_failed,not_held,0.0196,0.0,27.0,-0.0
57.787,clear_failed,not_held,0.0188,0.0,28.0,-0.0
57.825,clear_failed,not_held,0.0188,0.0,28.0,-0.0
57.860,clear_failed,not_held,0.0188,0.0,29.0,-0.0
57.898,clear_failed,not_held,0.0188,0.0,29.0,-0.0
57.940,survey,not_held,0.0188,0.0,29.0,-0.0
57.972,survey,not_held,0.0196,0.0,27.0,-0.0
58.009,survey,not_held,0.0196,0.0,27.0,-0.0
58.046,survey,not_held,0.0196,0.0,27.0,-0.0
58.082,survey,not_held,0.0188,0.0,27.0,-0.0
58.116,survey,not_held,0.0188,0.0,27.0,-0.0
58.154,survey,not_held,0.0188,0.0,27.0,-0.0
58.193,survey,not_held,0.0188,0.0,27.0,-0.0
58.228,survey,not_held,0.0188,0.0,27.0,-0.0
58.265,survey,not_held,0.0188,0.0,27.0,-0.0
58.300,survey,not_held,0.0196,0.0,27.0,-0.0
58.336,survey,not_held,0.0196,0.0,27.0,-0.0
58.369,survey,not_held,0.0188,0.0,30.0,-0.0
58.408,survey,not_held,0.0188,0.0,30.0,-0.0
58.442,survey,not_held,0.0188,0.0,30.0,-0.0
58.475,survey,not_held,0.0196,0.0,30.0,-0.0
58.511,survey,not_held,0.0188,0.0,25.0,-0.0
58.546,survey,not_held,0.0188,0.0,25.0,-0.0
58.584,survey,not_held,0.0188,0.0,25.0,-0.0
58.617,survey,not_held,0.0196,0.0,28.0,-0.0
58.652,survey,not_held,0.0196,0.0,28.0,-0.0
58.691,survey,not_held,0.018,0.0,27.0,-0.0
58.728,survey,not_held,0.018,0.0,27.0,-0.0
58.762,survey,not_held,0.0188,0.0,27.0,-0.0
58.795,survey,not_held,0.0196,0.0,28.0,-0.0
58.831,survey,not_held,0.0196,0.0,28.0,-0.0
58.865,survey,not_held,0.0196,0.0,28.0,-0.0
58.904,survey,not_held,0.0188,0.0,28.0,-0.0
58.942,survey,not_held,0.0188,0.0,28.0,-0.0
58.979,survey,not_held,0.0188,0.0,28.0,-0.0
59.012,survey,not_held,0.0196,0.0,29.0,-0.0
59.049,survey,not_held,0.0196,0.0,29.0,-0.0
59.084,survey,not_held,0.0196,0.0,29.0,-0.0
59.118,survey,not_held,0.0188,0.0,25.0,-0.0
59.152,survey,not_held,0.0188,0.0,25.0,-0.0
59.191,survey,not_held,0.0188,0.0,25.0,-0.0
59.225,survey,not_held,0.0196,0.0,30.0,-0.0
59.259,survey,not_held,0.0196,0.0,30.0,-0.0
59.295,survey,not_held,0.0188,0.0,24.0,-0.0
59.334,survey,not_held,0.0188,0.0,24.0,-0.0
59.372,survey,not_held,0.0188,0.0,23.0,-0.0
59.410,survey,not_held,0.0188,0.0,25.0,-0.0
59.445,survey,not_held,0.0188,0.0,25.0,-0.0
59.480,survey,not_held,0.0188,0.0,25.0,-0.0
59.517,survey,not_held,0.0188,0.0,25.0,-0.0
59.551,survey,not_held,0.0188,0.0,25.0,-0.0
59.588,survey,not_held,0.0188,0.0,25.0,-0.0
59.627,survey,not_held,0.0188,0.0,25.0,-0.0
59.665,survey,not_held,0.0188,0.0,25.0,-0.0
59.701,survey,not_held,0.0196,0.0,26.0,-0.0
59.735,survey,not_held,0.0196,0.0,25.0,-0.0
59.769,survey,not_held,0.0196,0.0,25.0,-0.0
59.808,survey,not_held,0.0188,0.0,27.0,-0.0
59.844,survey,not_held,0.0188,0.0,33.0,-0.0
59.880,survey,not_held,0.0188,0.0,33.0,-0.0
59.917,survey,not_held,0.018,0.0,28.0,-0.0
59.951,survey,not_held,0.018,0.0,28.0,-0.0
59.985,survey,not_held,0.0173,0.0,28.0,-0.0
60.024,survey,not_held,0.0165,0.0,27.0,-0.0
60.060,survey,not_held,0.0165,0.0,27.0,-0.0
60.095,survey,not_held,0.0165,0.0,27.0,-0.0
60.133,survey,not_held,0.0165,0.0,27.0,-0.0
60.168,survey,not_held,0.0165,0.0,27.0,-0.0
60.206,survey,not_held,0.0165,0.0,27.0,-0.0
60.244,survey,not_held,0.0173,0.0,28.0,-0.0
60.279,survey,not_held,0.0173,0.0,28.0,-0.0
60.312,survey,not_held,0.0173,0.0,29.0,-0.0
60.349,survey,not_held,0.0173,0.0,26.0,-0.0
60.383,survey,not_held,0.0173,0.0,26.0,-0.0
60.422,survey,not_held,0.0165,0.0,27.0,-0.0
60.459,survey,not_held,0.0165,0.0,27.0,-0.0
60.495,survey,not_held,0.0165,0.0,27.0,-0.0
60.534,survey,not_held,0.0165,0.0,29.0,-0.0
60.570,survey,not_held,0.0165,0.0,29.0,-0.0
60.605,survey,not_held,0.0165,0.0,29.0,-0.0
60.644,survey,not_held,0.0165,0.0,28.0,-0.0
60.678,survey,not_held,0.0165,0.0,28.0,-0.0
60.712,survey,not_held,0.0165,0.0,28.0,-0.0
60.750,survey,not_held,0.0165,0.0,24.0,-0.0
60.784,survey,not_held,0.0165,0.0,24.0,-0.0
60.821,survey,not_held,0.0165,0.0,24.0,-0.0
60.857,survey,not_held,0.0173,0.0,24.0,-0.0
60.892,survey,not_held,0.0173,0.0,24.0,-0.0
60.929,survey,not_held,0.0173,0.0,24.0,-0.0
60.968,survey,not_held,0.0173,0.0,26.0,-0.0
61.002,survey,not_held,0.0173,0.0,26.0,-0.0
61.038,survey,not_held,0.0173,0.0,26.0,-0.0
61.076,survey,not_held,0.0165,0.0,26.0,-0.0
61.109,survey,not_held,0.0165,0.0,26.0,-0.0
61.145,survey,not_held,0.0173,0.0,26.0,-0.0
61.182,survey,not_held,0.0173,0.0,26.0,-0.0
61.215,survey,not_held,0.0173,0.0,26.0,-0.0
61.249,survey,not_held,0.0165,0.0,27.0,-0.0
61.283,survey,not_held,0.0165,0.0,27.0,-0.0
61.322,survey,not_held,0.0165,0.0,27.0,-0.0
61.360,survey,not_held,0.0173,0.0,30.0,-0.0
61.398,survey,not_held,0.0173,0.0,30.0,-0.0
61.433,survey,not_held,0.0173,0.0,29.0,-0.0
61.471,survey,not_held,0.0165,0.0,25.0,-0.0
61.505,survey,not_held,0.0165,0.0,25.0,-0.0
61.544,survey,not_held,0.0165,0.0,25.0,-0.0
61.582,survey,not_held,0.0165,0.0,28.0,-0.0
61.620,survey,not_held,0.0165,0.0,28.0,-0.0
61.658,survey,not_held,0.0165,0.0,27.0,-0.0
61.696,survey,not_held,0.0165,0.0,27.0,-0.0
61.733,survey,not_held,0.0165,0.0,27.0,-0.0
61.768,survey,not_held,0.0165,0.0,26.0,-0.0
61.804,survey,not_held,0.0165,0.0,26.0,-0.0
61.837,survey,not_held,0.0165,0.0,26.0,-0.0
61.876,survey,not_held,0.0165,0.0,25.0,-0.0
61.910,survey,not_held,0.0165,0.0,25.0,-0.0
61.944,survey,not_held,0.0165,0.0,25.0,-0.0
61.978,survey,not_held,0.0165,0.0,25.0,-0.0
62.016,survey,not_held,0.0173,0.0,29.0,-0.0
62.054,survey,not_held,0.0173,0.0,29.0,-0.0
62.092,survey,not_held,0.0165,0.0,24.0,-0.0
62.127,survey,not_held,0.0165,0.0,24.0,-0.0
62.166,survey,not_held,0.0165,0.0,26.0,-0.0
62.205,survey,not_held,0.0165,0.0,26.0,-0.0
62.243,survey,not_held,0.0165,0.0,26.0,-0.0
62.277,survey,not_held,0.0173,0.0,28.0,-0.0
62.316,survey,not_held,0.0173,0.0,28.0,-0.0
62.353,survey,not_held,0.0173,0.0,27.0,-0.0
62.386,survey,not_held,0.0165,0.0,28.0,-0.0
62.425,survey,not_held,0.0165,0.0,28.0,-0.0
62.459,survey,not_held,0.0165,0.0,28.0,-0.0
62.495,survey,not_held,0.0165,0.0,29.0,-0.0
62.531,survey,not_held,0.0165,0.0,29.0,-0.0
62.566,survey,not_held,0.0165,0.0,29.0,-0.0
62.602,survey,not_held,0.0173,0.0,25.0,-0.0
62.635,survey,not_held,0.0173,0.0,25.0,-0.0
62.671,survey,not_held,0.0173,0.0,25.0,-0.0
62.708,survey,not_held,0.0165,0.0,24.0,-0.0
62.746,survey,not_held,0.0165,0.0,24.0,-0.0
62.785,survey,not_held,0.0165,0.0,24.0,-0.0
62.819,survey,not_held,0.0165,0.0,26.0,-0.0
62.858,survey,not_held,0.0165,0.0,26.0,-0.0
62.892,survey,not_held,0.0165,0.0,30.0,-0.0
62.926,survey,not_held,0.0165,0.0,30.0,-0.0
62.964,survey,not_held,0.0165,0.0,30.0,-0.0
63.001,survey,not_held,0.0165,0.0,25.0,-0.0
63.035,survey,not_held,0.0165,0.0,25.0,-0.0
63.074,survey,not_held,0.0165,0.0,25.0,-0.0
63.110,survey,not_held,0.0165,0.0,28.0,-0.0
63.147,survey,not_held,0.0165,0.0,28.0,-0.0
63.183,survey,not_held,0.0165,0.0,28.0,-0.0
63.219,survey,not_held,0.0165,0.0,31.0,-0.0
63.252,survey,not_held,0.0165,0.0,31.0,-0.0
63.287,survey,not_held,0.0165,0.0,32.0,-0.0
63.325,survey,not_held,0.0165,0.0,27.0,-0.0
63.363,survey,not_held,0.0165,0.0,27.0,-0.0
63.401,survey,not_held,0.0165,0.0,26.0,-0.0
63.439,survey,not_held,0.0165,0.0,26.0,-0.0
63.477,survey,not_held,0.0165,0.0,26.0,-0.0
63.512,survey,not_held,0.0173,0.0,28.0,-0.0
63.546,survey,not_held,0.0173,0.0,28.0,-0.0
63.582,survey,not_held,0.0173,0.0,28.0,-0.0
63.617,survey,not_held,0.0165,0.0,24.0,-0.0
63.651,survey,not_held,0.0165,0.0,24.0,-0.0
63.689,survey,not_held,0.0165,0.0,24.0,-0.0
63.725,survey,not_held,0.0165,0.0,27.0,-0.0
63.760,survey,not_held,0.0165,0.0,27.0,-0.0
63.799,survey,not_held,0.0165,0.0,27.0,-0.0
63.838,survey,not_held,0.0165,0.0,28.0,-0.0
63.872,survey,not_held,0.0165,0.0,28.0,-0.0
63.911,survey,not_held,0.0173,0.0,25.0,-0.0
63.950,survey,not_held,0.0173,0.0,25.0,-0.0
63.986,survey,not_held,0.0173,0.0,25.0,-0.0
64.019,survey,not_held,0.0165,0.0,25.0,-0.0
64.054,survey,not_held,0.0165,0.0,25.0,-0.0
64.092,survey,not_held,0.0165,0.0,25.0,-0.0
64.130,survey,not_held,0.0165,0.0,28.0,-0.0
64.169,survey,not_held,0.0165,0.0,28.0,-0.0
64.207,survey,not_held,0.0165,0.0,28.0,-0.0
64.245,survey,not_held,0.0165,0.0,27.0,-0.0
64.281,survey,not_held,0.0165,0.0,27.0,-0.0
64.316,survey,not_held,0.0173,0.0,26.0,-0.0
64.351,survey,not_held,0.0173,0.0,26.0,-0.0
64.385,survey,not_held,0.0173,0.0,26.0,-0.0
64.420,survey,not_held,0.0165,0.0,28.0,-0.0
64.458,survey,not_held,0.0165,0.0,28.0,-0.0
64.497,survey,not_held,0.0165,0.0,28.0,-0.0
64.532,survey,not_held,0.0173,0.0,24.0,-0.0
64.570,survey,not_held,0.0173,0.0,24.0,-0.0
64.607,survey,not_held,0.0173,0.0,24.0,-0.0
64.646,survey,not_held,0.0173,0.0,29.0,-0.0
64.684,survey,not_held,0.0173,0.0,29.0,-0.0
64.723,survey,not_held,0.0173,0.0,29.0,-0.0
64.761,survey,not_held,0.0165,0.0,25.0,-0.0
64.796,survey,not_held,0.0165,0.0,25.0,-0.0
64.834,survey,not_held,0.0173,0.0,25.0,-0.0
64.869,survey,not_held,0.0173,0.0,25.0,-0.0
66.834,refine,not_held,0.0173,0.0,25.0,-0.0
66.839,refine,not_held,0.0165,0.0,24.0,-0.0
66.878,refine,not_held,0.0165,0.0,24.0,-0.0
66.912,refine,not_held,0.0165,0.0,24.0,-0.0
66.950,refine,not_held,0.0165,0.0,24.0,-0.0
66.984,refine,not_held,0.0173,0.0,52.0,-0.0352
67.021,refine,not_held,0.0173,0.0,52.0,-0.0352
67.060,refine,not_held,0.0173,0.0,52.0,-0.0352
67.098,refine,not_held,0.0165,0.0,20.0,-0.0
67.135,refine,not_held,0.0165,0.0,20.0,-0.0
67.172,refine,not_held,0.0165,0.0,20.0,-0.0
67.206,refine,not_held,0.0165,0.0,19.0,-0.0
67.242,refine,not_held,0.0165,0.0,19.0,-0.0
67.278,refine,not_held,0.0165,0.0,20.0,-0.0
67.316,refine,not_held,0.0158,0.0,20.0,-0.0
67.354,refine,not_held,0.0158,0.0,20.0,-0.0
67.391,refine,not_held,0.0158,0.0,19.0,-0.0
67.425,refine,not_held,0.0165,0.0,24.0,-0.0
67.464,refine,not_held,0.0165,0.0,24.0,-0.0
67.500,refine,not_held,0.0158,0.0,21.0,-0.0
67.536,refine,not_held,0.0158,0.0,21.0,-0.0
67.575,refine,not_held,0.0158,0.0,21.0,-0.0
67.610,refine,not_held,0.0165,0.0,22.0,-0.0
67.648,refine,not_held,0.0165,0.0,22.0,-0.0
67.683,refine,not_held,0.0165,0.0,22.0,-0.0
67.721,refine,not_held,0.0158,0.0,21.0,-0.0
67.755,refine,not_held,0.0158,0.0,21.0,-0.0
67.791,refine,not_held,0.0158,0.0,21.0,-0.0
67.825,refine,not_held,0.0165,0.0,21.0,-0.0
67.859,refine,not_held,0.0165,0.0,21.0,-0.0
67.894,refine,not_held,0.0165,0.0,21.0,-0.0
67.929,refine,not_held,0.0165,0.0,18.0,-0.0
67.967,refine,not_held,0.0165,0.0,18.0,-0.0
68.005,refine,not_held,0.0165,0.0,18.0,-0.0
68.039,refine,not_held,0.0165,0.0,20.0,-0.0
68.076,refine,not_held,0.0165,0.0,20.0,-0.0
68.114,refine,not_held,0.0165,0.0,19.0,-0.0
68.150,refine,not_held,0.0165,0.0,19.0,-0.0
68.185,refine,not_held,0.0165,0.0,19.0,-0.0
68.222,refine,not_held,0.0158,0.0,16.0,-0.0
68.258,refine,not_held,0.0158,0.0,16.0,-0.0
68.295,refine,not_held,0.0158,0.0,16.0,-0.0
68.334,refine,not_held,0.0158,0.0,21.0,-0.0
68.370,refine,not_held,0.0158,0.0,21.0,-0.0
68.408,refine,not_held,0.0158,0.0,20.0,-0.0
68.445,refine,not_held,0.0158,0.0,20.0,-0.0
68.479,refine,not_held,0.0158,0.0,20.0,-0.0
68.517,refine,not_held,0.0158,0.0,20.0,-0.0
68.551,refine,not_held,0.0158,0.0,23.0,-0.0
68.584,refine,not_held,0.0158,0.0,23.0,-0.0
68.620,refine,not_held,0.0158,0.0,23.0,-0.0
68.658,refine,not_held,0.0158,0.0,19.0,-0.0
68.692,refine,not_held,0.0158,0.0,19.0,-0.0
68.726,refine,not_held,0.0158,0.0,19.0,-0.0
68.762,refine,not_held,0.0158,0.0,21.0,-0.0
68.796,refine,not_held,0.0158,0.0,21.0,-0.0
68.832,refine,not_held,0.0158,0.0,22.0,-0.0
68.866,refine,not_held,0.0158,0.0,22.0,-0.0
68.905,refine,not_held,0.0158,0.0,22.0,-0.0
68.943,refine,not_held,0.0158,0.0,22.0,-0.0
68.982,refine,not_held,0.0158,0.0,22.0,-0.0
69.019,refine,not_held,0.0158,0.0,22.0,-0.0
69.057,refine,not_held,0.0165,0.0,18.0,-0.0
69.095,refine,not_held,0.0165,0.0,18.0,-0.0
69.133,refine,not_held,0.0173,0.0,18.0,-0.0
69.167,refine,not_held,0.0165,0.0,22.0,-0.0
69.205,refine,not_held,0.0165,0.0,22.0,-0.0
69.239,refine,not_held,0.0158,0.0,22.0,-0.0
69.278,refine,not_held,0.0165,0.0,19.0,-0.0
69.316,refine,not_held,0.0165,0.0,19.0,-0.0
69.351,refine,not_held,0.0158,0.0,22.0,-0.0
69.386,refine,not_held,0.0158,0.0,22.0,-0.0
69.419,refine,not_held,0.0158,0.0,22.0,-0.0
69.454,refine,not_held,0.0158,0.0,20.0,-0.0
69.489,refine,not_held,0.0158,0.0,20.0,-0.0
69.523,refine,not_held,0.0158,0.0,20.0,-0.0
69.562,refine,not_held,0.0158,0.0,19.0,-0.0
69.595,refine,not_held,0.0158,0.0,19.0,-0.0
69.629,refine,not_held,0.0158,0.0,19.0,-0.0
69.667,refine,not_held,0.0158,0.0,17.0,-0.0
69.703,refine,not_held,0.0158,0.0,17.0,-0.0
69.737,refine,not_held,0.0158,0.0,17.0,-0.0
69.774,refine,not_held,0.0158,0.0,21.0,-0.0
69.808,refine,not_held,0.0158,0.0,21.0,-0.0
69.843,refine,not_held,0.0158,0.0,21.0,-0.0
69.878,refine,not_held,0.0158,0.0,17.0,-0.0
69.916,refine,not_held,0.0158,0.0,17.0,-0.0
69.952,refine,not_held,0.0158,0.0,17.0,-0.0
69.986,refine,not_held,0.0158,0.0,20.0,-0.0
70.021,refine,not_held,0.0158,0.0,20.0,-0.0
70.057,refine,not_held,0.0158,0.0,17.0,-0.0
70.095,refine,not_held,0.0158,0.0,17.0,-0.0
70.130,refine,not_held,0.0158,0.0,17.0,-0.0
70.166,refine,not_held,0.0165,0.0,20.0,-0.0
70.201,refine,not_held,0.0165,0.0,20.0,-0.0
70.238,refine,not_held,0.0165,0.0,20.0,-0.0
70.273,refine,not_held,0.0158,0.0,18.0,-0.0
70.308,refine,not_held,0.0158,0.0,18.0,-0.0
70.346,refine,not_held,0.0158,0.0,18.0,-0.0
70.384,refine,not_held,0.0158,0.0,22.0,-0.0
70.420,refine,not_held,0.0158,0.0,22.0,-0.0
70.454,refine,not_held,0.0158,0.0,22.0,-0.0
70.492,refine,not_held,0.0165,0.0,18.0,-0.0
70.527,refine,not_held,0.0165,0.0,18.0,-0.0
70.561,refine,not_held,0.0165,0.0,18.0,-0.0
70.599,refine,not_held,0.0165,0.0,18.0,-0.0
70.633,refine,not_held,0.0165,0.0,18.0,-0.0
70.668,refine,not_held,0.0165,0.0,18.0,-0.0
70.701,refine,not_held,0.0165,0.0,19.0,-0.0
70.737,refine,not_held,0.0165,0.0,19.0,-0.0
70.775,refine,not_held,0.0165,0.0,19.0,-0.0
70.812,refine,not_held,0.0158,0.0,19.0,-0.0
70.847,refine,not_held,0.0158,0.0,19.0,-0.0
70.883,refine,not_held,0.0165,0.0,21.0,-0.0
70.919,refine,not_held,0.0165,0.0,21.0,-0.0
70.956,refine,not_held,0.0165,0.0,21.0,-0.0
72.998,above,not_held,0.0165,0.0,19.0,-0.0
73.003,above,not_held,0.0158,0.0,18.0,-0.0
73.038,above,not_held,0.0165,0.0,19.0,-0.0
73.076,above,not_held,0.0165,0.0,19.0,-0.0
73.114,above,not_held,0.0165,0.0,19.0,-0.0
73.150,above,not_held,0.0203,0.0,11.0,-0.0352
73.184,above,not_held,0.0203,0.0,11.0,-0.0352
73.218,above,not_held,0.0203,0.0,11.0,-0.0352
73.256,above,not_held,0.0158,0.0,17.0,0.0352
73.295,above,not_held,0.0158,0.0,17.0,0.0352
73.333,above,not_held,0.015,0.0,17.0,0.0352
73.369,above,not_held,0.015,0.0,17.0,-0.0
73.402,above,not_held,0.015,0.0,17.0,-0.0
73.437,above,not_held,0.0158,0.0,17.0,-0.0
73.475,above,not_held,0.0158,0.0,18.0,-0.0
73.509,above,not_held,0.0158,0.0,18.0,-0.0
73.542,above,not_held,0.0158,0.0,18.0,-0.0
73.580,above,not_held,0.0158,0.0,17.0,-0.0
73.614,above,not_held,0.0158,0.0,17.0,-0.0
73.651,above,not_held,0.015,0.0,18.0,-0.0
73.685,above,not_held,0.015,0.0,18.0,-0.0
73.723,above,not_held,0.015,0.0,18.0,-0.0
73.758,above,not_held,0.015,0.0,17.0,-0.0
73.796,above,not_held,0.015,0.0,17.0,-0.0
73.831,above,not_held,0.015,0.0,17.0,-0.0
73.868,above,not_held,0.015,0.0,18.0,-0.0
73.906,above,not_held,0.015,0.0,18.0,-0.0
73.944,above,not_held,0.015,0.0,18.0,-0.0
73.983,above,not_held,0.015,0.0,17.0,-0.0
74.020,above,not_held,0.015,0.0,17.0,-0.0
74.058,above,not_held,0.015,0.0,17.0,-0.0
74.092,above,not_held,0.015,0.0,18.0,-0.0
74.127,above,not_held,0.015,0.0,18.0,-0.0
74.164,above,not_held,0.015,0.0,17.0,-0.0
74.198,above,not_held,0.015,0.0,17.0,-0.0
74.237,above,not_held,0.015,0.0,17.0,-0.0
74.272,above,not_held,0.015,0.0,18.0,-0.0
74.309,above,not_held,0.015,0.0,18.0,-0.0
74.342,above,not_held,0.015,0.0,19.0,-0.0
74.376,above,not_held,0.015,0.0,19.0,-0.0
74.410,above,not_held,0.015,0.0,19.0,-0.0
74.446,above,not_held,0.015,0.0,19.0,-0.0
74.479,above,not_held,0.0158,0.0,18.0,-0.0
74.512,above,not_held,0.0158,0.0,18.0,-0.0
74.546,above,not_held,0.0158,0.0,18.0,-0.0
74.583,above,not_held,0.015,0.0,18.0,-0.0
74.618,above,not_held,0.015,0.0,18.0,-0.0
74.652,above,not_held,0.015,0.0,18.0,-0.0
74.686,above,not_held,0.015,0.0,17.0,-0.0
74.722,above,not_held,0.015,0.0,17.0,-0.0
74.761,above,not_held,0.015,0.0,17.0,-0.0
74.795,above,not_held,0.015,0.0,18.0,-0.0
74.828,above,not_held,0.015,0.0,18.0,-0.0
74.864,above,not_held,0.015,0.0,18.0,-0.0
74.901,above,not_held,0.015,0.0,17.0,-0.0
74.936,above,not_held,0.015,0.0,17.0,-0.0
74.974,above,not_held,0.015,0.0,17.0,-0.0
75.012,above,not_held,0.015,0.0,18.0,-0.0
75.047,above,not_held,0.015,0.0,18.0,-0.0
75.084,above,not_held,0.015,0.0,18.0,-0.0
75.120,above,not_held,0.015,0.0,18.0,-0.0
75.155,above,not_held,0.015,0.0,18.0,-0.0
75.190,above,not_held,0.015,0.0,18.0,-0.0
75.225,above,not_held,0.015,0.0,18.0,-0.0
75.260,above,not_held,0.015,0.0,18.0,-0.0
75.297,above,not_held,0.015,0.0,17.0,-0.0
75.333,above,not_held,0.015,0.0,17.0,-0.0
75.371,above,not_held,0.015,0.0,17.0,-0.0
75.407,above,not_held,0.015,0.0,18.0,-0.0
75.442,above,not_held,0.015,0.0,18.0,-0.0
75.478,above,not_held,0.015,0.0,18.0,-0.0
75.513,above,not_held,0.015,0.0,17.0,-0.0
75.549,above,not_held,0.015,0.0,17.0,-0.0
75.584,above,not_held,0.015,0.0,17.0,-0.0
75.621,above,not_held,0.015,0.0,18.0,-0.0
75.658,above,not_held,0.015,0.0,18.0,-0.0
75.697,above,not_held,0.015,0.0,18.0,-0.0
75.732,above,not_held,0.015,0.0,17.0,-0.0
75.766,above,not_held,0.015,0.0,17.0,-0.0
75.800,above,not_held,0.015,0.0,18.0,-0.0
75.834,above,not_held,0.015,0.0,18.0,-0.0
75.871,above,not_held,0.015,0.0,18.0,-0.0
75.906,above,not_held,0.015,0.0,18.0,-0.0
75.941,above,not_held,0.015,0.0,17.0,-0.0
75.978,above,not_held,0.015,0.0,17.0,-0.0
76.013,above,not_held,0.015,0.0,16.0,-0.0
76.048,above,not_held,0.015,0.0,16.0,-0.0
76.086,above,not_held,0.015,0.0,16.0,-0.0
76.120,above,not_held,0.015,0.0,18.0,-0.0
76.154,above,not_held,0.015,0.0,18.0,-0.0
76.191,above,not_held,0.015,0.0,18.0,-0.0
76.226,above,not_held,0.015,0.0,18.0,-0.0
76.264,above,not_held,0.015,0.0,18.0,-0.0
76.301,above,not_held,0.015,0.0,18.0,-0.0
76.335,above,not_held,0.015,0.0,17.0,-0.0
76.372,above,not_held,0.015,0.0,17.0,-0.0
76.408,above,not_held,0.015,0.0,17.0,-0.0
76.443,above,not_held,0.015,0.0,17.0,-0.0
76.477,above,not_held,0.015,0.0,17.0,-0.0
76.516,standoff,not_held,0.015,0.0,17.0,-0.0
76.551,standoff,not_held,0.015,0.0,18.0,-0.0
76.589,standoff,not_held,0.015,0.0,18.0,-0.0
76.627,standoff,not_held,0.015,0.0,18.0,-0.0
76.662,standoff,not_held,0.015,0.0,18.0,-0.0
76.700,standoff,not_held,0.015,0.0,18.0,-0.0
76.734,standoff,not_held,0.0158,0.0,17.0,-0.0
76.769,standoff,not_held,0.0158,0.0,17.0,-0.0
76.803,standoff,not_held,0.015,0.0,17.0,-0.0
76.837,standoff,not_held,0.015,0.0,17.0,-0.0
76.876,standoff,not_held,0.015,0.0,17.0,-0.0
76.914,standoff,not_held,0.0158,0.0,17.0,-0.0
76.953,standoff,not_held,0.0158,0.0,17.0,-0.0
76.991,standoff,not_held,0.0158,0.0,17.0,-0.0
77.029,standoff,not_held,0.015,0.0,17.0,-0.0
77.066,standoff,not_held,0.015,0.0,17.0,-0.0
77.102,standoff,not_held,0.015,0.0,17.0,-0.0
77.138,standoff,not_held,0.015,0.0,18.0,-0.0
77.176,standoff,not_held,0.015,0.0,18.0,-0.0
77.210,standoff,not_held,0.015,0.0,18.0,-0.0
77.245,standoff,not_held,0.0158,0.0,18.0,-0.0
77.284,standoff,not_held,0.0158,0.0,18.0,-0.0
77.317,standoff,not_held,0.015,0.0,19.0,-0.0
77.356,standoff,not_held,0.015,0.0,19.0,-0.0
77.393,standoff,not_held,0.015,0.0,19.0,-0.0
77.432,standoff,not_held,0.015,0.0,19.0,-0.0
77.467,standoff,not_held,0.015,0.0,19.0,-0.0
77.505,standoff,not_held,0.015,0.0,19.0,-0.0
77.543,standoff,not_held,0.015,0.0,18.0,-0.0
77.580,standoff,not_held,0.015,0.0,18.0,-0.0
77.618,standoff,not_held,0.015,0.0,18.0,-0.0
77.652,standoff,not_held,0.015,0.0,18.0,-0.0
77.689,standoff,not_held,0.015,0.0,18.0,-0.0
77.723,standoff,not_held,0.015,0.0,18.0,-0.0
77.757,standoff,not_held,0.015,0.0,17.0,-0.0
77.792,standoff,not_held,0.015,0.0,17.0,-0.0
77.830,standoff,not_held,0.015,0.0,17.0,-0.0
77.868,standoff,not_held,0.015,0.0,18.0,-0.0
77.907,standoff,not_held,0.015,0.0,18.0,-0.0
77.945,standoff,not_held,0.015,0.0,18.0,-0.0
77.979,standoff,not_held,0.015,0.0,18.0,-0.0
78.017,standoff,not_held,0.015,0.0,18.0,-0.0
78.056,standoff,not_held,0.015,0.0,18.0,-0.0
78.090,standoff,not_held,0.015,0.0,17.0,-0.0
78.127,standoff,not_held,0.015,0.0,17.0,-0.0
78.160,standoff,not_held,0.0158,0.0,17.0,-0.0
78.193,standoff,not_held,0.0158,0.0,18.0,-0.0
78.229,standoff,not_held,0.0158,0.0,18.0,-0.0
78.267,standoff,not_held,0.0158,0.0,17.0,-0.0
78.302,standoff,not_held,0.0158,0.0,17.0,-0.0
78.340,standoff,not_held,0.0158,0.0,17.0,-0.0
78.380,reach_in,not_held,0.015,0.0,18.0,-0.0
78.413,reach_in,not_held,0.015,0.0,18.0,-0.0
78.446,reach_in,not_held,0.015,0.0,18.0,-0.0
78.483,reach_in,not_held,0.015,0.0,18.0,-0.0
78.517,reach_in,not_held,0.015,0.0,18.0,-0.0
78.555,reach_in,not_held,0.015,0.0,18.0,-0.0
78.591,reach_in,not_held,0.015,0.0,17.0,-0.0
78.625,reach_in,not_held,0.015,0.0,17.0,-0.0
78.660,reach_in,not_held,0.015,0.0,18.0,-0.0
78.695,reach_in,not_held,0.015,0.0,19.0,-0.0
78.730,reach_in,not_held,0.015,0.0,19.0,-0.0
78.767,reach_in,not_held,0.015,0.0,19.0,-0.0
78.805,reach_in,not_held,0.015,0.0,19.0,-0.0
78.843,reach_in,not_held,0.015,0.0,19.0,-0.0
78.877,reach_in,not_held,0.015,0.0,19.0,-0.0
78.911,reach_in,not_held,0.015,0.0,19.0,-0.0
78.945,reach_in,not_held,0.015,0.0,19.0,-0.0
78.981,reach_in,not_held,0.015,0.0,19.0,-0.0
79.020,reach_in,not_held,0.015,0.0,19.0,-0.0
79.053,reach_in,not_held,0.015,0.0,19.0,-0.0
79.088,reach_in,not_held,0.015,0.0,16.0,-0.0
79.125,reach_in,not_held,0.015,0.0,16.0,-0.0
79.163,reach_in,not_held,0.015,0.0,16.0,-0.0
79.201,reach_in,not_held,0.015,0.0,18.0,-0.0
79.237,reach_in,not_held,0.015,0.0,18.0,-0.0
79.270,reach_in,not_held,0.015,0.0,18.0,-0.0
79.303,reach_in,not_held,0.015,0.0,18.0,-0.0
79.342,reach_in,not_held,0.015,0.0,18.0,-0.0
79.380,reach_in,not_held,0.015,0.0,18.0,-0.0
79.414,reach_in,not_held,0.015,0.0,18.0,-0.0
79.448,reach_in,not_held,0.015,0.0,18.0,-0.0
79.484,reach_in,not_held,0.015,0.0,18.0,-0.0
79.517,reach_in,not_held,0.015,0.0,17.0,-0.0
79.552,reach_in,not_held,0.015,0.0,17.0,-0.0
79.590,reach_in,not_held,0.015,0.0,17.0,-0.0
79.626,reach_in,not_held,0.015,0.0,18.0,-0.0
79.660,reach_in,not_held,0.015,0.0,18.0,-0.0
79.693,reach_in,not_held,0.015,0.0,18.0,-0.0
79.728,reach_in,not_held,0.015,0.0,18.0,-0.0
79.770,reach_in,not_held,0.015,0.0,18.0,-0.0
79.806,reach_in,not_held,0.015,0.0,18.0,-0.0
79.840,reach_in,not_held,0.015,0.0,18.0,-0.0
79.878,reach_in,not_held,0.015,0.0,18.0,-0.0
79.913,reach_in,not_held,0.015,0.0,18.0,-0.0
79.950,reach_in,not_held,0.015,0.0,18.0,-0.0
79.988,reach_in,not_held,0.015,0.0,18.0,-0.0
80.024,reach_in,not_held,0.015,0.0,18.0,-0.0
80.058,reach_in,not_held,0.015,0.0,18.0,-0.0
80.096,reach_in,not_held,0.0158,0.0,18.0,-0.0
80.134,reach_in,not_held,0.0158,0.0,18.0,-0.0
80.172,reach_in,not_held,0.0158,0.0,18.0,-0.0
80.210,reach_in,not_held,0.015,0.0,18.0,-0.0
80.244,reach_in,not_held,0.015,0.0,18.0,-0.0
80.283,reach_in,not_held,0.015,0.0,18.0,-0.0
80.318,reach_in,not_held,0.015,0.0,17.0,-0.0
80.356,reach_in,not_held,0.015,0.0,17.0,-0.0
80.394,reach_in,not_held,0.015,0.0,18.0,-0.0
80.429,reach_in,not_held,0.015,0.0,18.0,-0.0
80.467,reach_in,not_held,0.015,0.0,18.0,-0.0
80.505,reach_in,not_held,0.015,0.0,17.0,-0.0
80.541,reach_in,not_held,0.015,0.0,18.0,-0.0
80.575,reach_in,not_held,0.015,0.0,18.0,-0.0
80.610,reach_in,not_held,0.015,0.0,18.0,-0.0
80.644,reach_in,not_held,0.015,0.0,18.0,-0.0
80.683,reach_in,not_held,0.015,0.0,18.0,-0.0
80.718,reach_in,not_held,0.015,0.0,18.0,-0.0
80.753,reach_in,not_held,0.015,0.0,18.0,-0.0
80.792,reach_in,not_held,0.015,0.0,18.0,-0.0
80.826,reach_in,not_held,0.0158,0.0,18.0,-0.0
80.859,reach_in,not_held,0.0158,0.0,18.0,-0.0
80.896,reach_in,not_held,0.0158,0.0,18.0,-0.0
80.933,reach_in,not_held,0.015,0.0,18.0,-0.0
80.968,reach_in,not_held,0.015,0.0,18.0,-0.0
81.004,reach_in,not_held,0.015,0.0,18.0,-0.0
81.043,reach_in,not_held,0.015,0.0,18.0,-0.0
81.080,reach_in,not_held,0.015,0.0,18.0,-0.0
81.115,reach_in,not_held,0.015,0.0,18.0,-0.0
81.152,reach_in,not_held,0.015,0.0,17.0,-0.0
81.190,reach_in,not_held,0.015,0.0,17.0,-0.0
81.223,reach_in,not_held,0.015,0.0,17.0,-0.0
81.257,reach_in,not_held,0.015,0.0,16.0,-0.0
81.294,reach_in,not_held,0.015,0.0,16.0,-0.0
81.328,reach_in,not_held,0.015,0.0,17.0,-0.0
81.362,reach_in,not_held,0.015,0.0,18.0,-0.0
81.400,reach_in,not_held,0.015,0.0,18.0,-0.0
81.439,reach_in,not_held,0.015,0.0,18.0,-0.0
81.476,reach_in,not_held,0.015,0.0,18.0,-0.0
81.511,reach_in,not_held,0.015,0.0,18.0,-0.0
81.547,reach_in,not_held,0.015,0.0,17.0,-0.0
81.582,reach_in,not_held,0.015,0.0,17.0,-0.0
81.616,reach_in,not_held,0.015,0.0,17.0,-0.0
81.650,reach_in,not_held,0.015,0.0,18.0,-0.0
81.684,reach_in,not_held,0.015,0.0,18.0,-0.0
81.720,reach_in,not_held,0.015,0.0,18.0,-0.0
81.759,reach_in,not_held,0.0158,0.0,17.0,-0.0
81.793,reach_in,not_held,0.0158,0.0,17.0,-0.0
81.829,reach_in,not_held,0.0158,0.0,17.0,-0.0
81.863,reach_in,not_held,0.015,0.0,18.0,-0.0
81.897,reach_in,not_held,0.015,0.0,18.0,-0.0
81.934,reach_in,not_held,0.015,0.0,18.0,-0.0
81.969,reach_in,not_held,0.015,0.0,17.0,-0.0
82.007,reach_in,not_held,0.015,0.0,17.0,-0.0
82.045,reach_in,not_held,0.015,0.0,17.0,-0.0
82.084,reach_in,not_held,0.015,0.0,18.0,-0.0
82.117,reach_in,not_held,0.015,0.0,18.0,-0.0
82.152,reach_in,not_held,0.015,0.0,18.0,-0.0
82.187,reach_in,not_held,0.015,0.0,18.0,-0.0
82.225,reach_in,not_held,0.015,0.0,18.0,-0.0
82.262,reach_in,not_held,0.015,0.0,17.0,-0.0
82.295,reach_in,not_held,0.015,0.0,17.0,-0.0
82.330,reach_in,not_held,0.015,0.0,17.0,-0.0
82.366,reach_in,not_held,0.015,0.0,19.0,-0.0
82.404,reach_in,not_held,0.015,0.0,19.0,-0.0
82.440,reach_in,not_held,0.015,0.0,18.0,-0.0
82.475,reach_in,not_held,0.015,0.0,18.0,-0.0
82.509,reach_in,not_held,0.015,0.0,18.0,-0.0
82.544,reach_in,not_held,0.015,0.0,18.0,-0.0
82.579,reach_in,not_held,0.015,0.0,18.0,-0.0
82.615,reach_in,not_held,0.015,0.0,18.0,-0.0
82.650,reach_in,not_held,0.015,0.0,18.0,-0.0
82.689,reach_in,not_held,0.015,0.0,18.0,-0.0
82.722,reach_in,not_held,0.015,0.0,18.0,-0.0
82.759,reach_in,not_held,0.0158,0.0,18.0,-0.0
82.794,reach_in,not_held,0.0158,0.0,18.0,-0.0
82.829,reach_in,not_held,0.0158,0.0,18.0,-0.0
82.867,reach_in,not_held,0.015,0.0,18.0,-0.0
82.903,reach_in,not_held,0.015,0.0,18.0,-0.0
82.941,close,not_held,0.015,0.0278,18.0,-0.0
82.977,close,uncertain,0.015,0.0556,18.0,-0.0
83.015,close,uncertain,0.015,0.0833,18.0,-0.0
83.051,close,uncertain,0.015,0.1111,18.0,-0.0
83.090,close,uncertain,0.0413,0.1389,80.0,-0.1526
83.124,close,uncertain,0.0413,0.1667,80.0,-0.1526
83.162,close,uncertain,0.0489,0.1944,119.0,-0.1997
83.197,close,uncertain,0.0714,0.2222,95.0,-0.3288
83.235,close,uncertain,0.0714,0.25,95.0,-0.3288
83.274,close,uncertain,0.0857,0.2778,165.0,-0.3996
83.312,close,uncertain,0.1142,0.3056,274.0,-0.517
83.347,close,uncertain,0.1142,0.3333,274.0,-0.517
83.385,close,uncertain,0.1624,0.3611,284.0,-0.482
83.420,close,uncertain,0.1624,0.3889,284.0,-0.482
83.455,close,uncertain,0.1624,0.4167,284.0,-0.482
83.491,close,uncertain,0.2166,0.4444,381.0,-0.5762
83.529,close,uncertain,0.2166,0.4722,381.0,-0.5762
83.567,close,uncertain,0.2445,0.5,393.0,-0.588
83.602,close,uncertain,0.276,0.5278,492.0,-0.6584
83.635,close,uncertain,0.276,0.5556,492.0,-0.6584
83.670,close,uncertain,0.276,0.5833,492.0,-0.6584
83.708,close,uncertain,0.355,0.6111,404.0,-0.7644
83.744,close,uncertain,0.355,0.6389,404.0,-0.7644
83.780,close,uncertain,0.3897,0.6667,400.0,-0.7644
83.816,close,uncertain,0.422,0.6944,464.0,-0.6822
83.850,close,uncertain,0.422,0.7222,464.0,-0.6822
83.883,close,uncertain,0.4582,0.75,471.0,-0.7058
83.921,close,uncertain,0.498,0.7778,451.0,-0.7528
83.956,close,uncertain,0.498,0.8056,451.0,-0.7528
83.990,close,uncertain,0.5311,0.8333,426.0,-0.7174
84.025,close,uncertain,0.5657,0.8611,532.0,-0.6587
84.059,close,uncertain,0.5657,0.8889,532.0,-0.6587
84.095,close,uncertain,0.5959,0.9167,520.0,-0.6115
84.133,close,uncertain,0.6206,0.9444,509.0,-0.5646
84.167,close,held,0.6206,0.9722,509.0,-0.5646
84.205,close,held,0.6523,1.0,494.0,-0.6
84.240,close,held,0.6853,1.0,508.0,-0.5882
84.276,close,held,0.6853,1.0,508.0,-0.5882
84.312,close,held,0.7019,1.0,422.0,-0.435
84.350,close,held,0.7079,1.0,423.0,-0.1767
84.384,close,held,0.7079,1.0,423.0,-0.1767
84.418,close,held,0.7094,1.0,408.0,-0.0118
84.452,close,held,0.7094,1.0,408.0,-0.0118
84.487,close,held,0.7094,1.0,408.0,-0.0118
84.524,close,held,0.711,1.0,402.0,-0.0
84.562,close,held,0.711,1.0,402.0,-0.0
84.597,close,held,0.711,1.0,402.0,-0.0
84.633,close,held,0.72,1.0,563.0,-0.0352
84.668,close,held,0.72,1.0,563.0,-0.0352
84.703,close,held,0.72,1.0,563.0,-0.0352
84.739,close,held,0.7418,1.0,801.0,-0.1647
84.777,close,held,0.7418,1.0,801.0,-0.1647
84.811,close,held,0.7433,1.0,785.0,-0.0822
84.846,close,held,0.7433,1.0,804.0,-0.0118
84.884,close,held,0.7433,1.0,804.0,-0.0118
84.920,close,held,0.744,1.0,801.0,-0.0
84.958,close,held,0.744,1.0,793.0,-0.0
84.993,close,held,0.744,1.0,793.0,-0.0
85.027,close,held,0.7433,1.0,793.0,-0.0
85.061,close,held,0.7328,1.0,296.0,0.0822
85.100,close,held,0.7328,1.0,296.0,0.0822
85.134,close,held,0.732,1.0,295.0,0.0822
85.170,close,held,0.732,1.0,300.0,-0.0
85.205,close,held,0.732,1.0,300.0,-0.0
85.241,close,held,0.732,1.0,300.0,-0.0
85.279,close,held,0.732,1.0,301.0,-0.0
85.317,close,held,0.732,1.0,301.0,-0.0
85.354,close,held,0.732,1.0,301.0,-0.0
85.391,close,held,0.732,1.0,300.0,-0.0
85.429,close,held,0.732,1.0,300.0,-0.0
85.467,close,held,0.732,1.0,300.0,-0.0
85.502,close,held,0.732,1.0,300.0,-0.0
85.540,close,held,0.732,1.0,299.0,-0.0
85.576,close,held,0.732,1.0,300.0,-0.0
85.611,close,held,0.732,1.0,300.0,-0.0
85.644,close,held,0.732,1.0,300.0,-0.0
85.679,close,held,0.732,1.0,300.0,-0.0
85.717,close,held,0.732,1.0,300.0,-0.0
85.755,close,held,0.732,1.0,300.0,-0.0
85.790,close,held,0.732,1.0,300.0,-0.0
85.825,close,held,0.732,1.0,300.0,-0.0
85.862,close,held,0.732,1.0,300.0,-0.0
85.895,close,held,0.732,1.0,299.0,-0.0
85.929,close,held,0.732,1.0,299.0,-0.0
85.965,lift,held,0.732,1.0,299.0,-0.0
86.000,lift,held,0.732,1.0,300.0,-0.0
86.038,lift,held,0.732,1.0,300.0,-0.0
86.071,lift,held,0.732,1.0,299.0,-0.0
86.107,lift,held,0.732,1.0,299.0,-0.0
86.141,lift,held,0.732,1.0,299.0,-0.0
86.175,lift,held,0.732,1.0,300.0,-0.0
86.211,lift,held,0.732,1.0,300.0,-0.0
86.245,lift,held,0.732,1.0,300.0,-0.0
86.283,lift,held,0.732,1.0,300.0,-0.0
86.317,lift,held,0.732,1.0,300.0,-0.0
86.352,lift,held,0.732,1.0,300.0,-0.0
86.387,lift,held,0.732,1.0,300.0,-0.0
86.423,lift,held,0.732,1.0,300.0,-0.0
86.460,lift,held,0.732,1.0,300.0,-0.0
86.495,lift,held,0.732,1.0,301.0,-0.0
86.530,lift,held,0.732,1.0,301.0,-0.0
86.569,lift,held,0.732,1.0,300.0,-0.0
86.603,lift,held,0.732,1.0,299.0,-0.0
86.641,lift,held,0.732,1.0,299.0,-0.0
86.675,lift,held,0.732,1.0,299.0,-0.0
86.710,lift,held,0.732,1.0,299.0,-0.0
86.747,lift,held,0.732,1.0,299.0,-0.0
86.782,lift,held,0.732,1.0,299.0,-0.0
86.815,lift,held,0.732,1.0,299.0,-0.0
86.853,lift,held,0.732,1.0,299.0,-0.0
86.888,lift,held,0.732,1.0,299.0,-0.0
86.923,lift,held,0.732,1.0,299.0,-0.0
86.962,lift,held,0.732,1.0,299.0,-0.0
87.000,lift,held,0.732,1.0,299.0,-0.0
87.036,lift,held,0.732,1.0,299.0,-0.0
87.072,lift,held,0.732,1.0,299.0,-0.0
87.110,lift,held,0.732,1.0,299.0,-0.0
87.148,lift,held,0.732,1.0,299.0,-0.0
87.185,lift,held,0.732,1.0,299.0,-0.0
87.222,lift,held,0.732,1.0,299.0,-0.0
87.256,lift,held,0.732,1.0,299.0,-0.0
87.294,lift,held,0.732,1.0,299.0,-0.0
87.333,lift,held,0.732,1.0,299.0,-0.0
87.371,lift,held,0.732,1.0,299.0,-0.0
87.405,lift,held,0.732,1.0,300.0,-0.0
87.442,lift,held,0.732,1.0,300.0,-0.0
87.480,lift,held,0.732,1.0,300.0,-0.0
87.520,lift,held,0.7328,1.0,299.0,-0.0
87.557,lift,held,0.7328,1.0,299.0,-0.0
87.596,lift,held,0.7328,1.0,299.0,-0.0
87.632,lift,held,0.7328,1.0,300.0,-0.0
87.669,lift,held,0.7328,1.0,300.0,-0.0
87.703,lift,held,0.732,1.0,299.0,-0.0
87.739,lift,held,0.732,1.0,299.0,-0.0
87.773,lift,held,0.732,1.0,299.0,-0.0
87.808,lift,held,0.732,1.0,299.0,-0.0
87.843,lift,held,0.732,1.0,299.0,-0.0
87.876,lift,held,0.732,1.0,299.0,-0.0
87.910,lift,held,0.732,1.0,300.0,-0.0
87.945,lift,held,0.732,1.0,300.0,-0.0
87.983,lift,held,0.732,1.0,300.0,-0.0
88.018,lift,held,0.732,1.0,299.0,-0.0
88.052,lift,held,0.732,1.0,299.0,-0.0
88.088,lift,held,0.732,1.0,299.0,-0.0
88.127,lift,held,0.732,1.0,300.0,-0.0
88.162,lift,held,0.732,1.0,300.0,-0.0
88.201,lift,held,0.732,1.0,300.0,-0.0
88.239,lift,held,0.732,1.0,300.0,-0.0
88.276,lift,held,0.732,1.0,300.0,-0.0
88.312,lift,held,0.732,1.0,299.0,-0.0
88.346,lift,held,0.732,1.0,299.0,-0.0
88.384,lift,held,0.732,1.0,299.0,-0.0
88.421,lift,held,0.732,1.0,301.0,-0.0
88.457,lift,held,0.732,1.0,301.0,-0.0
88.493,lift,held,0.732,1.0,301.0,-0.0
88.528,lift,held,0.732,1.0,299.0,-0.0
88.566,lift,held,0.732,1.0,299.0,-0.0
88.604,lift,held,0.732,1.0,299.0,-0.0
88.642,lift,held,0.732,1.0,299.0,-0.0
88.681,lift,held,0.732,1.0,299.0,-0.0
88.719,lift,held,0.732,1.0,299.0,-0.0
88.753,lift,held,0.732,1.0,299.0,-0.0
88.791,lift,held,0.732,1.0,299.0,-0.0
88.829,lift,held,0.732,1.0,299.0,-0.0
88.868,lift,held,0.732,1.0,299.0,-0.0
88.906,lift,held,0.732,1.0,299.0,-0.0
88.943,lift,held,0.732,1.0,299.0,-0.0
88.981,lift,held,0.732,1.0,299.0,-0.0
89.019,lift,held,0.732,1.0,299.0,-0.0
89.057,lift,held,0.732,1.0,299.0,-0.0
89.091,lift,held,0.732,1.0,299.0,-0.0
89.125,lift,held,0.7328,1.0,299.0,-0.0
89.164,lift,held,0.7328,1.0,300.0,-0.0
89.197,lift,held,0.7328,1.0,300.0,-0.0
89.231,lift,held,0.7328,1.0,300.0,-0.0
89.267,lift,held,0.7328,1.0,299.0,-0.0
89.302,lift,held,0.7328,1.0,299.0,-0.0
89.336,lift,held,0.7328,1.0,299.0,-0.0
89.372,lift,held,0.732,1.0,300.0,-0.0
89.411,lift,held,0.732,1.0,300.0,-0.0
89.449,lift,held,0.732,1.0,300.0,-0.0
89.484,lift,held,0.732,1.0,300.0,-0.0
89.519,lift,held,0.732,1.0,300.0,-0.0
89.556,lift,held,0.7328,1.0,299.0,-0.0
89.593,lift,held,0.7328,1.0,299.0,-0.0
89.629,lift,held,0.732,1.0,299.0,-0.0
89.667,lift,held,0.732,1.0,300.0,-0.0
89.705,lift,held,0.732,1.0,300.0,-0.0
89.742,lift,held,0.732,1.0,300.0,-0.0
89.780,lift,held,0.732,1.0,299.0,-0.0
89.816,lift,held,0.732,1.0,299.0,-0.0
89.849,lift,held,0.732,1.0,299.0,-0.0
89.884,lift,held,0.732,1.0,299.0,-0.0
89.919,lift,held,0.732,1.0,299.0,-0.0
89.954,lift,held,0.732,1.0,299.0,-0.0
89.992,lift,held,0.732,1.0,299.0,-0.0
90.026,lift,held,0.732,1.0,299.0,-0.0
90.059,lift,held,0.732,1.0,300.0,-0.0
90.093,lift,held,0.732,1.0,300.0,-0.0
90.132,lift,held,0.732,1.0,300.0,-0.0
90.167,lift,held,0.732,1.0,299.0,-0.0
90.202,lift,held,0.732,1.0,299.0,-0.0
90.240,lift,held,0.732,1.0,299.0,-0.0
90.274,lift,held,0.732,1.0,300.0,-0.0
90.309,lift,held,0.732,1.0,300.0,-0.0
90.347,lift,held,0.732,1.0,301.0,-0.0
90.381,lift,held,0.732,1.0,300.0,-0.0
90.416,lift,held,0.732,1.0,300.0,-0.0
90.452,lift,held,0.732,1.0,299.0,-0.0
90.491,lift,held,0.732,1.0,300.0,-0.0
90.524,lift,held,0.732,1.0,300.0,-0.0
90.559,lift,held,0.732,1.0,300.0,-0.0
90.592,lift,held,0.732,1.0,299.0,-0.0
90.631,lift,held,0.732,1.0,299.0,-0.0
90.668,lift,held,0.732,1.0,300.0,-0.0
90.703,lift,held,0.732,1.0,300.0,-0.0
90.737,lift,held,0.732,1.0,300.0,-0.0
90.775,lift,held,0.732,1.0,300.0,-0.0
90.809,lift,held,0.732,1.0,300.0,-0.0
90.844,lift,held,0.732,1.0,300.0,-0.0
90.883,lift,held,0.732,1.0,299.0,-0.0
90.916,lift,held,0.732,1.0,299.0,-0.0
90.954,lift,held,0.732,1.0,299.0,-0.0
90.988,lift,held,0.732,1.0,299.0,-0.0
91.026,lift,held,0.732,1.0,299.0,-0.0
91.060,lift,held,0.732,1.0,299.0,-0.0
91.097,lift,held,0.732,1.0,300.0,-0.0
91.134,lift,held,0.732,1.0,300.0,-0.0
91.169,lift,held,0.7328,1.0,300.0,-0.0
91.205,lift,held,0.7328,1.0,299.0,-0.0
91.239,lift,held,0.7328,1.0,299.0,-0.0
91.273,lift,held,0.732,1.0,299.0,-0.0
91.312,lift,held,0.732,1.0,299.0,-0.0
91.346,lift,held,0.732,1.0,299.0,-0.0
91.382,lift,held,0.732,1.0,300.0,-0.0
91.421,lift,held,0.732,1.0,301.0,-0.0
91.458,lift,held,0.732,1.0,301.0,-0.0
91.492,lift,held,0.732,1.0,300.0,-0.0
91.526,lift,held,0.732,1.0,300.0,-0.0
91.561,lift,held,0.732,1.0,300.0,-0.0
91.594,lift,held,0.732,1.0,299.0,-0.0
91.631,lift,held,0.732,1.0,299.0,-0.0
91.664,lift,held,0.732,1.0,299.0,-0.0
91.702,lift,held,0.732,1.0,300.0,-0.0
91.737,lift,held,0.732,1.0,300.0,-0.0
91.774,lift,held,0.7328,1.0,300.0,-0.0
91.810,lift,held,0.7328,1.0,299.0,-0.0
91.847,lift,held,0.7328,1.0,299.0,-0.0
91.884,lift,held,0.732,1.0,299.0,-0.0
91.921,lift,held,0.732,1.0,300.0,-0.0
91.954,lift,held,0.732,1.0,300.0,-0.0
91.989,lift,held,0.732,1.0,300.0,-0.0
92.027,lift,held,0.732,1.0,300.0,-0.0
92.062,lift,held,0.732,1.0,300.0,-0.0
92.100,lift,held,0.732,1.0,299.0,-0.0
92.135,lift,held,0.732,1.0,299.0,-0.0
92.173,lift,held,0.732,1.0,299.0,-0.0
92.208,lift,held,0.732,1.0,300.0,-0.0
92.243,lift,held,0.732,1.0,300.0,-0.0
92.280,lift,held,0.732,1.0,300.0,-0.0
92.317,lift,held,0.732,1.0,299.0,-0.0
92.354,lift,held,0.732,1.0,299.0,-0.0
92.393,lift,held,0.732,1.0,299.0,-0.0
94.709,hold,held,0.732,1.0,299.0,-0.0
94.714,hold,held,0.732,1.0,300.0,-0.0
94.749,hold,held,0.732,1.0,300.0,-0.0
94.784,hold,held,0.732,1.0,299.0,-0.0
94.821,hold,held,0.732,1.0,299.0,-0.0
94.859,hold,held,0.7328,1.0,299.0,-0.0
94.894,hold,held,0.7328,1.0,400.0,-0.0
94.933,hold,held,0.7328,1.0,400.0,-0.0
94.969,hold,held,0.732,1.0,400.0,-0.0
95.003,hold,held,0.732,1.0,400.0,-0.0
95.039,hold,held,0.732,1.0,400.0,-0.0
95.073,hold,held,0.732,1.0,400.0,-0.0
95.107,hold,held,0.732,1.0,400.0,-0.0
95.141,hold,held,0.732,1.0,400.0,-0.0
95.176,hold,held,0.732,1.0,400.0,-0.0
95.211,hold,held,0.732,1.0,399.0,-0.0
95.245,hold,held,0.732,1.0,399.0,-0.0
95.284,hold,held,0.732,1.0,399.0,-0.0
95.319,hold,held,0.732,1.0,399.0,-0.0
95.352,hold,held,0.732,1.0,399.0,-0.0
95.386,hold,held,0.732,1.0,399.0,-0.0
95.422,hold,held,0.7395,1.0,552.0,-0.0352
95.455,hold,held,0.7395,1.0,552.0,-0.0352
95.489,hold,held,0.741,1.0,555.0,-0.0352
95.525,hold,held,0.738,1.0,301.0,0.0117
95.561,hold,held,0.738,1.0,301.0,0.0117
95.595,hold,held,0.7373,1.0,299.0,0.0117
95.629,hold,held,0.7328,1.0,301.0,0.0117
95.664,hold,held,0.7328,1.0,301.0,0.0117
95.700,hold,held,0.7328,1.0,300.0,0.0117
95.737,hold,held,0.7328,1.0,300.0,-0.0
95.775,hold,held,0.7328,1.0,300.0,-0.0
95.813,hold,held,0.732,1.0,300.0,-0.0
95.849,hold,held,0.732,1.0,300.0,-0.0
95.884,hold,held,0.732,1.0,300.0,-0.0
95.920,hold,held,0.7328,1.0,300.0,-0.0
95.959,hold,held,0.7328,1.0,300.0,-0.0
95.995,hold,held,0.7328,1.0,300.0,-0.0
96.029,hold,held,0.7328,1.0,300.0,-0.0
96.067,hold,held,0.7328,1.0,300.0,-0.0
96.103,hold,held,0.7328,1.0,300.0,-0.0
96.142,hold,held,0.7328,1.0,299.0,-0.0
96.180,hold,held,0.7328,1.0,299.0,-0.0
96.215,hold,held,0.7328,1.0,299.0,-0.0
96.252,hold,held,0.7328,1.0,299.0,-0.0
96.291,hold,held,0.7328,1.0,299.0,-0.0
96.328,hold,held,0.7328,1.0,299.0,-0.0
96.362,hold,held,0.7328,1.0,299.0,-0.0
96.397,hold,held,0.7328,1.0,299.0,-0.0
96.434,hold,held,0.7328,1.0,300.0,-0.0
96.472,hold,held,0.7328,1.0,300.0,-0.0
96.507,hold,held,0.7328,1.0,299.0,-0.0
96.543,hold,held,0.7328,1.0,299.0,-0.0
96.579,hold,held,0.7328,1.0,299.0,-0.0
96.613,hold,held,0.7328,1.0,299.0,-0.0
96.651,hold,held,0.7328,1.0,299.0,-0.0
96.685,hold,held,0.7328,1.0,299.0,-0.0
96.723,hold,held,0.7328,1.0,299.0,-0.0
96.760,hold,held,0.7328,1.0,299.0,-0.0
96.798,hold,held,0.7328,1.0,299.0,-0.0
96.836,hold,held,0.7328,1.0,300.0,-0.0
96.875,hold,held,0.7328,1.0,300.0,-0.0
96.913,hold,held,0.7328,1.0,300.0,-0.0
96.950,hold,held,0.7328,1.0,300.0,-0.0
96.987,hold,held,0.7328,1.0,300.0,-0.0
97.022,hold,held,0.7328,1.0,300.0,-0.0
97.064,carry,held,0.7328,1.0,299.0,-0.0
97.092,carry,held,0.7328,1.0,299.0,-0.0
97.127,carry,held,0.7328,1.0,299.0,-0.0
97.166,carry,held,0.7328,1.0,299.0,-0.0
97.200,carry,held,0.7328,1.0,299.0,-0.0
97.238,carry,held,0.7328,1.0,299.0,-0.0
97.276,carry,held,0.7328,1.0,298.0,-0.0
97.312,carry,held,0.7328,1.0,298.0,-0.0
97.345,carry,held,0.7328,1.0,298.0,-0.0
97.379,carry,held,0.7328,1.0,299.0,-0.0
97.417,carry,held,0.7328,1.0,299.0,-0.0
97.451,carry,held,0.7328,1.0,300.0,-0.0
97.489,carry,held,0.7328,1.0,300.0,-0.0
97.526,carry,held,0.7328,1.0,300.0,-0.0
97.559,carry,held,0.7328,1.0,301.0,-0.0
97.599,carry,held,0.7328,1.0,301.0,-0.0
97.633,carry,held,0.7328,1.0,301.0,-0.0
97.672,carry,held,0.7328,1.0,300.0,-0.0
97.710,carry,held,0.7328,1.0,300.0,-0.0
97.748,carry,held,0.7328,1.0,300.0,-0.0
97.782,carry,held,0.7328,1.0,300.0,-0.0
97.818,carry,held,0.7328,1.0,300.0,-0.0
97.856,carry,held,0.7328,1.0,300.0,-0.0
97.890,carry,held,0.7328,1.0,300.0,-0.0
97.927,carry,held,0.7328,1.0,300.0,-0.0
97.962,carry,held,0.7328,1.0,300.0,-0.0
97.996,carry,held,0.7328,1.0,299.0,-0.0
98.030,carry,held,0.7328,1.0,299.0,-0.0
98.065,carry,held,0.7328,1.0,299.0,-0.0
98.102,carry,held,0.7328,1.0,300.0,-0.0
98.138,carry,held,0.7328,1.0,300.0,-0.0
98.176,carry,held,0.7328,1.0,299.0,-0.0
98.212,carry,held,0.7328,1.0,299.0,-0.0
98.250,carry,held,0.7328,1.0,299.0,-0.0
98.286,carry,held,0.7328,1.0,299.0,-0.0
98.320,carry,held,0.7328,1.0,299.0,-0.0
98.354,carry,held,0.7328,1.0,299.0,-0.0
98.389,carry,held,0.7328,1.0,299.0,-0.0
98.423,carry,held,0.7328,1.0,299.0,-0.0
98.461,carry,held,0.7328,1.0,299.0,-0.0
98.496,carry,held,0.7328,1.0,299.0,-0.0
98.534,carry,held,0.7328,1.0,299.0,-0.0
98.569,carry,held,0.7328,1.0,299.0,-0.0
98.604,carry,held,0.7328,1.0,299.0,-0.0
98.641,carry,held,0.7328,1.0,299.0,-0.0
98.676,carry,held,0.7328,1.0,299.0,-0.0
98.711,carry,held,0.7328,1.0,299.0,-0.0
98.751,lower,held,0.7328,1.0,299.0,-0.0
98.782,lower,held,0.7328,1.0,299.0,-0.0
98.815,lower,held,0.7328,1.0,299.0,-0.0
98.853,lower,held,0.7328,1.0,299.0,-0.0
98.888,lower,held,0.7328,1.0,299.0,-0.0
98.921,lower,held,0.7328,1.0,299.0,-0.0
98.956,lower,held,0.7328,1.0,299.0,-0.0
98.994,lower,held,0.7328,1.0,299.0,-0.0
99.032,lower,held,0.7328,1.0,300.0,-0.0
99.071,lower,held,0.7328,1.0,300.0,-0.0
99.104,lower,held,0.7328,1.0,300.0,-0.0
99.143,lower,held,0.7328,1.0,300.0,-0.0
99.177,lower,held,0.7328,1.0,300.0,-0.0
99.216,lower,held,0.7328,1.0,300.0,-0.0
99.254,lower,held,0.7328,1.0,300.0,-0.0
99.291,lower,held,0.7328,1.0,301.0,-0.0
99.325,lower,held,0.7328,1.0,301.0,-0.0
99.363,lower,held,0.7328,1.0,301.0,-0.0
99.399,lower,held,0.7328,1.0,300.0,-0.0
99.436,lower,held,0.7328,1.0,300.0,-0.0
99.473,lower,held,0.7328,1.0,300.0,-0.0
99.508,lower,held,0.7328,1.0,300.0,-0.0
99.546,lower,held,0.7328,1.0,299.0,-0.0
99.584,lower,held,0.7328,1.0,299.0,-0.0
99.619,lower,held,0.7328,1.0,300.0,-0.0
99.655,lower,held,0.7328,1.0,300.0,-0.0
99.688,lower,held,0.7328,1.0,300.0,-0.0
99.722,lower,held,0.7328,1.0,299.0,-0.0
99.758,lower,held,0.7328,1.0,299.0,-0.0
99.794,lower,held,0.7328,1.0,299.0,-0.0
99.829,lower,held,0.7328,1.0,300.0,-0.0
99.866,lower,held,0.7328,1.0,300.0,-0.0
99.903,lower,held,0.7328,1.0,300.0,-0.0
99.941,lower,held,0.7328,1.0,299.0,-0.0
99.979,lower,held,0.7328,1.0,299.0,-0.0
100.018,lower,held,0.7328,1.0,299.0,-0.0
100.058,lower,held,0.7328,1.0,300.0,-0.0
100.092,lower,held,0.7328,1.0,300.0,-0.0
100.131,lower,held,0.7328,1.0,300.0,-0.0
100.164,lower,held,0.7328,1.0,300.0,-0.0
100.203,lower,held,0.7328,1.0,300.0,-0.0
100.241,lower,held,0.7328,1.0,300.0,-0.0
100.275,lower,held,0.7328,1.0,300.0,-0.0
100.313,lower,held,0.7328,1.0,300.0,-0.0
100.349,lower,held,0.7328,1.0,299.0,-0.0
100.384,lower,held,0.7328,1.0,299.0,-0.0
100.421,lower,held,0.7328,1.0,300.0,-0.0
100.458,lower,held,0.7328,1.0,300.0,-0.0
100.492,lower,held,0.7328,1.0,300.0,-0.0
100.527,lower,held,0.7328,1.0,299.0,-0.0
100.561,lower,held,0.7328,1.0,300.0,-0.0
100.596,lower,held,0.7328,1.0,300.0,-0.0
100.634,lower,held,0.7328,1.0,299.0,-0.0
100.668,lower,held,0.7328,1.0,299.0,-0.0
100.702,lower,held,0.7328,1.0,299.0,-0.0
100.738,lower,held,0.7328,1.0,299.0,-0.0
100.773,lower,held,0.7328,1.0,299.0,-0.0
100.808,lower,held,0.7328,1.0,299.0,-0.0
100.842,lower,held,0.7328,1.0,299.0,-0.0
100.877,lower,held,0.7328,1.0,299.0,-0.0
100.912,lower,held,0.7328,1.0,299.0,-0.0
100.950,lower,held,0.7328,1.0,299.0,-0.0
100.984,lower,held,0.7328,1.0,299.0,-0.0
101.022,lower,held,0.7328,1.0,299.0,-0.0
101.060,lower,held,0.7328,1.0,299.0,-0.0
101.098,lower,held,0.7328,1.0,299.0,-0.0
101.134,lower,held,0.7328,1.0,299.0,-0.0
101.167,lower,held,0.7328,1.0,300.0,-0.0
101.202,lower,held,0.7328,1.0,300.0,-0.0
101.238,lower,held,0.7328,1.0,300.0,-0.0
101.276,lower,held,0.7328,1.0,299.0,-0.0
101.314,lower,held,0.7328,1.0,299.0,-0.0
101.350,lower,held,0.7328,1.0,299.0,-0.0
101.388,lower,held,0.7328,1.0,299.0,-0.0
101.422,lower,held,0.7328,1.0,299.0,-0.0
101.460,lower,held,0.7328,1.0,301.0,-0.0
101.494,lower,held,0.7328,1.0,301.0,-0.0
101.528,lower,held,0.7328,1.0,301.0,-0.0
101.562,lower,held,0.7328,1.0,300.0,-0.0
101.601,lower,held,0.7328,1.0,300.0,-0.0
101.636,lower,held,0.7328,1.0,300.0,-0.0
101.674,lower,held,0.7328,1.0,299.0,-0.0
101.710,lower,held,0.7328,1.0,299.0,-0.0
101.743,lower,held,0.7328,1.0,299.0,-0.0
101.777,lower,held,0.7328,1.0,300.0,-0.0
101.815,lower,held,0.7328,1.0,300.0,-0.0
101.854,lower,held,0.7328,1.0,300.0,-0.0
101.892,lower,held,0.7328,1.0,299.0,-0.0
101.926,lower,held,0.7328,1.0,299.0,-0.0
101.963,lower,held,0.7328,1.0,300.0,-0.0
101.997,lower,held,0.7328,1.0,300.0,-0.0
102.035,lower,held,0.7328,1.0,300.0,-0.0
102.075,lower,held,0.7328,1.0,299.0,-0.0
102.108,lower,held,0.7328,1.0,299.0,-0.0
102.141,lower,held,0.7328,1.0,299.0,-0.0
102.176,lower,held,0.7328,1.0,300.0,-0.0
102.212,lower,held,0.7328,1.0,300.0,-0.0
102.251,lower,held,0.7328,1.0,300.0,-0.0
102.286,lower,held,0.7328,1.0,299.0,-0.0
102.322,lower,held,0.7328,1.0,299.0,-0.0
102.358,lower,held,0.7328,1.0,299.0,-0.0
102.396,lower,held,0.7328,1.0,299.0,-0.0
102.432,lower,held,0.7328,1.0,299.0,-0.0
102.467,lower,held,0.7328,1.0,300.0,-0.0
102.502,lower,held,0.7328,1.0,300.0,-0.0
102.536,lower,held,0.7328,1.0,300.0,-0.0
102.575,lower,held,0.7328,1.0,299.0,-0.0
102.609,lower,held,0.7328,1.0,300.0,-0.0
102.644,lower,held,0.7328,1.0,300.0,-0.0
102.682,lower,held,0.7328,1.0,300.0,-0.0
102.717,lower,held,0.7328,1.0,300.0,-0.0
102.754,lower,held,0.7328,1.0,300.0,-0.0
102.792,lower,held,0.7328,1.0,299.0,-0.0
102.828,lower,held,0.7328,1.0,299.0,-0.0
102.864,lower,held,0.7328,1.0,299.0,-0.0
102.897,lower,held,0.7328,1.0,299.0,-0.0
102.932,lower,held,0.7328,1.0,299.0,-0.0
102.966,lower,held,0.7328,1.0,299.0,-0.0
103.000,lower,held,0.7328,1.0,300.0,-0.0
103.039,lower,held,0.7328,1.0,300.0,-0.0
103.075,lower,held,0.7328,1.0,300.0,-0.0
103.113,lower,held,0.7328,1.0,299.0,-0.0
103.149,lower,held,0.7328,1.0,299.0,-0.0
103.184,lower,held,0.7328,1.0,299.0,-0.0
103.221,lower,held,0.7328,1.0,300.0,-0.0
103.258,lower,held,0.7328,1.0,300.0,-0.0
103.296,lower,held,0.7328,1.0,300.0,-0.0
103.334,lower,held,0.7328,1.0,300.0,-0.0
103.372,lower,held,0.7328,1.0,300.0,-0.0
103.410,lower,held,0.7328,1.0,300.0,-0.0
103.446,lower,held,0.7328,1.0,300.0,-0.0
103.484,lower,held,0.7328,1.0,299.0,-0.0
103.522,lower,held,0.7328,1.0,300.0,-0.0
103.558,lower,held,0.7328,1.0,300.0,-0.0
103.594,lower,held,0.7328,1.0,300.0,-0.0
103.629,lower,held,0.7328,1.0,300.0,-0.0
103.668,lower,held,0.7328,1.0,300.0,-0.0
103.706,lower,held,0.7328,1.0,300.0,-0.0
103.744,lower,held,0.7328,1.0,299.0,-0.0
103.781,lower,held,0.7328,1.0,299.0,-0.0
103.819,lower,held,0.7328,1.0,299.0,-0.0
103.856,lower,held,0.7328,1.0,299.0,-0.0
103.894,lower,held,0.7328,1.0,299.0,-0.0
103.932,lower,held,0.7328,1.0,300.0,-0.0
103.970,lower,held,0.7328,1.0,300.0,-0.0
104.006,lower,held,0.7328,1.0,300.0,-0.0
104.042,lower,held,0.7328,1.0,299.0,-0.0
104.077,lower,held,0.7328,1.0,299.0,-0.0
104.115,lower,held,0.7328,1.0,299.0,-0.0
104.151,lower,held,0.7328,1.0,300.0,-0.0
104.188,lower,held,0.7328,1.0,300.0,-0.0
104.224,lower,held,0.7328,1.0,300.0,-0.0
104.258,lower,held,0.7328,1.0,300.0,-0.0
104.290,lower,held,0.7328,1.0,300.0,-0.0
104.329,lower,held,0.7328,1.0,299.0,-0.0
104.364,lower,held,0.7328,1.0,299.0,-0.0
104.402,lower,held,0.7328,1.0,300.0,-0.0
104.440,lower,held,0.7328,1.0,300.0,-0.0
104.479,lower,held,0.7328,1.0,300.0,-0.0
104.517,lower,held,0.7328,1.0,299.0,-0.0
104.551,lower,held,0.7328,1.0,300.0,-0.0
104.590,lower,held,0.7328,1.0,300.0,-0.0
104.629,lower,held,0.7328,1.0,300.0,-0.0
104.664,lower,held,0.7328,1.0,299.0,-0.0
104.700,lower,held,0.7328,1.0,299.0,-0.0
104.734,lower,held,0.7328,1.0,299.0,-0.0
104.773,lower,held,0.7328,1.0,299.0,-0.0
104.807,lower,held,0.7328,1.0,299.0,-0.0
104.846,lower,held,0.7328,1.0,299.0,-0.0
104.884,lower,held,0.7328,1.0,299.0,-0.0
104.922,lower,held,0.7328,1.0,299.0,-0.0
104.960,lower,held,0.7328,1.0,299.0,-0.0
104.999,lower,held,0.7328,1.0,299.0,-0.0
105.037,lower,held,0.7328,1.0,299.0,-0.0
105.071,lower,held,0.7328,1.0,299.0,-0.0
105.109,lower,held,0.7328,1.0,299.0,-0.0
105.147,lower,held,0.7328,1.0,299.0,-0.0
105.186,lower,held,0.7328,1.0,299.0,-0.0
105.224,lower,held,0.7328,1.0,299.0,-0.0
105.263,lower,held,0.7328,1.0,299.0,-0.0
105.297,lower,held,0.7328,1.0,299.0,-0.0
105.330,lower,held,0.7328,1.0,299.0,-0.0
105.367,lower,held,0.7328,1.0,299.0,-0.0
105.401,lower,held,0.7328,1.0,299.0,-0.0
105.435,lower,held,0.7328,1.0,300.0,-0.0
105.474,lower,held,0.7328,1.0,300.0,-0.0
105.508,lower,held,0.7328,1.0,300.0,-0.0
105.548,open,uncertain,0.7328,0.9722,299.0,-0.0
105.584,open,uncertain,0.7328,0.9444,299.0,-0.0
105.622,open,uncertain,0.7328,0.9167,299.0,-0.0
105.661,open,uncertain,0.7328,0.8889,299.0,-0.0
105.699,open,uncertain,0.7328,0.8611,299.0,-0.0
105.734,open,uncertain,0.7328,0.8333,299.0,-0.0
105.771,open,uncertain,0.7328,0.8056,399.0,-0.0
105.809,open,uncertain,0.7328,0.7778,399.0,-0.0
105.847,open,uncertain,0.7328,0.75,399.0,-0.0
105.883,open,uncertain,0.7162,0.7222,218.0,0.1761
105.922,open,uncertain,0.7162,0.6944,218.0,0.1761
105.960,open,uncertain,0.7155,0.6667,218.0,0.1643
105.999,open,uncertain,0.7072,0.6389,68.0,0.1643
106.034,open,uncertain,0.7072,0.6111,68.0,0.1643
106.072,open,uncertain,0.711,0.5833,80.0,0.1407
106.106,open,uncertain,0.744,0.5556,407.0,-0.4344
106.144,open,uncertain,0.744,0.5278,407.0,-0.4344
106.181,open,uncertain,0.7365,0.5,150.0,0.0117
106.217,open,uncertain,0.7365,0.4722,150.0,0.0117
106.256,open,uncertain,0.7365,0.4444,150.0,0.0117
106.295,open,uncertain,0.6163,0.4167,461.0,1.3622
106.333,open,uncertain,0.6163,0.3889,461.0,1.3622
106.370,open,uncertain,0.5862,0.3611,454.0,1.4683
106.409,open,uncertain,0.5614,0.3333,361.0,0.5998
106.443,open,uncertain,0.5614,0.3056,361.0,0.5998
106.477,open,uncertain,0.4944,0.2778,541.0,0.7054
106.515,open,uncertain,0.4944,0.25,541.0,0.7054
106.550,open,uncertain,0.4944,0.2222,541.0,0.7054
106.587,open,uncertain,0.426,0.1944,535.0,0.694
106.626,open,uncertain,0.426,0.1667,535.0,0.694
106.661,open,uncertain,0.426,0.1389,535.0,0.694
106.696,open,uncertain,0.3447,0.1111,452.0,0.741
106.734,open,uncertain,0.3447,0.0833,452.0,0.741
106.768,open,uncertain,0.3447,0.0556,452.0,0.741
106.807,open,uncertain,0.2672,0.0278,491.0,0.7646
106.843,open,uncertain,0.2672,0.0,491.0,0.7646
106.877,open,uncertain,0.2302,0.0,484.0,0.741
106.914,open,uncertain,0.1927,0.0,415.0,0.7175
106.950,open,uncertain,0.1927,0.0,415.0,0.7175
106.986,open,uncertain,0.1565,0.0,396.0,0.7175
107.023,open,uncertain,0.1257,0.0,465.0,0.7293
107.059,open,uncertain,0.1257,0.0,465.0,0.7293
107.094,open,not_held,0.0851,0.0,237.0,0.3884
107.133,open,not_held,0.0851,0.0,237.0,0.3884
107.168,open,not_held,0.0851,0.0,237.0,0.3884
107.206,open,not_held,0.0617,0.0,68.0,0.2001
107.239,open,not_held,0.0617,0.0,68.0,0.2001
107.273,open,not_held,0.0617,0.0,68.0,0.2001
107.308,open,not_held,0.0482,0.0,28.0,0.1295
107.342,open,not_held,0.0482,0.0,28.0,0.1295
107.380,open,not_held,0.0429,0.0,12.0,0.0941
107.418,open,not_held,0.0414,0.0,92.0,0.0706
107.454,open,not_held,0.0414,0.0,92.0,0.0706
107.490,open,not_held,0.0376,0.0,88.0,0.0588
107.524,open,not_held,0.0361,0.0,75.0,0.0471
107.561,open,not_held,0.0361,0.0,75.0,0.0471
107.600,open,not_held,0.0331,0.0,72.0,0.0353
107.638,open,not_held,0.0324,0.0,67.0,0.0236
107.673,open,not_held,0.0324,0.0,67.0,0.0236
107.708,open,not_held,0.0301,0.0,64.0,0.0118
107.745,open,not_held,0.0286,0.0,57.0,0.0118
107.781,open,not_held,0.0286,0.0,57.0,0.0118
107.818,open,not_held,0.0271,0.0,51.0,0.0118
107.852,open,not_held,0.0271,0.0,51.0,0.0118
107.887,open,not_held,0.0271,0.0,51.0,0.0118
107.925,open,not_held,0.0263,0.0,42.0,-0.0
107.959,open,not_held,0.0263,0.0,42.0,-0.0
107.993,open,not_held,0.0263,0.0,42.0,-0.0
108.030,open,not_held,0.0241,0.0,42.0,-0.0
108.067,open,not_held,0.0241,0.0,42.0,-0.0
108.104,open,not_held,0.0241,0.0,42.0,-0.0
108.142,open,not_held,0.0241,0.0,42.0,-0.0
108.180,open,not_held,0.0241,0.0,42.0,-0.0
108.217,open,not_held,0.0233,0.0,42.0,-0.0
108.254,open,not_held,0.0233,0.0,42.0,-0.0
108.293,open,not_held,0.0233,0.0,42.0,-0.0
108.326,open,not_held,0.0226,0.0,42.0,-0.0
108.362,open,not_held,0.0226,0.0,42.0,-0.0
108.397,open,not_held,0.0226,0.0,42.0,-0.0
108.435,open,not_held,0.0226,0.0,39.0,-0.0
108.468,open,not_held,0.0226,0.0,39.0,-0.0
108.502,open,not_held,0.0226,0.0,39.0,-0.0
108.540,open,not_held,0.0211,0.0,37.0,-0.0
108.577,open,not_held,0.0211,0.0,37.0,-0.0
108.614,back_out,not_held,0.0211,0.0,37.0,-0.0
108.649,back_out,not_held,0.0211,0.0,37.0,-0.0
108.684,back_out,not_held,0.0211,0.0,37.0,-0.0
108.719,back_out,not_held,0.0211,0.0,37.0,-0.0
108.753,back_out,not_held,0.0211,0.0,37.0,-0.0
108.789,back_out,not_held,0.0211,0.0,37.0,-0.0
108.826,back_out,not_held,0.0211,0.0,37.0,-0.0
108.860,back_out,not_held,0.0211,0.0,37.0,-0.0
108.894,back_out,not_held,0.0211,0.0,37.0,-0.0
108.930,back_out,not_held,0.0211,0.0,37.0,-0.0
108.968,back_out,not_held,0.0211,0.0,37.0,-0.0
109.006,back_out,not_held,0.0211,0.0,37.0,-0.0
109.045,back_out,not_held,0.0211,0.0,37.0,-0.0
109.083,back_out,not_held,0.0211,0.0,37.0,-0.0
109.119,back_out,not_held,0.0211,0.0,37.0,-0.0
109.154,back_out,not_held,0.0211,0.0,36.0,-0.0
109.189,back_out,not_held,0.0211,0.0,36.0,-0.0
109.227,back_out,not_held,0.0211,0.0,36.0,-0.0
109.266,back_out,not_held,0.0211,0.0,36.0,-0.0
109.300,back_out,not_held,0.0211,0.0,36.0,-0.0
109.339,back_out,not_held,0.0211,0.0,36.0,-0.0
109.377,back_out,not_held,0.0211,0.0,36.0,-0.0
109.415,back_out,not_held,0.0211,0.0,36.0,-0.0
109.451,back_out,not_held,0.0203,0.0,37.0,-0.0
109.489,back_out,not_held,0.0203,0.0,38.0,-0.0
109.528,back_out,not_held,0.0203,0.0,38.0,-0.0
109.565,back_out,not_held,0.0211,0.0,36.0,-0.0
109.600,back_out,not_held,0.0211,0.0,36.0,-0.0
109.636,back_out,not_held,0.0203,0.0,36.0,-0.0
109.674,back_out,not_held,0.0203,0.0,37.0,-0.0
109.710,back_out,not_held,0.0203,0.0,37.0,-0.0
109.746,back_out,not_held,0.0211,0.0,37.0,-0.0
109.783,back_out,not_held,0.0211,0.0,37.0,-0.0
109.819,back_out,not_held,0.0211,0.0,37.0,-0.0
109.853,back_out,not_held,0.0203,0.0,37.0,-0.0
109.886,back_out,not_held,0.0203,0.0,37.0,-0.0
109.925,back_out,not_held,0.0203,0.0,37.0,-0.0
109.963,back_out,not_held,0.0203,0.0,37.0,-0.0
110.000,back_out,not_held,0.0203,0.0,37.0,-0.0
110.035,back_out,not_held,0.0203,0.0,37.0,-0.0
110.070,back_out,not_held,0.0211,0.0,36.0,-0.0
110.106,back_out,not_held,0.0211,0.0,36.0,-0.0
110.140,back_out,not_held,0.0211,0.0,36.0,-0.0
110.175,back_out,not_held,0.0211,0.0,37.0,-0.0
110.210,back_out,not_held,0.0211,0.0,37.0,-0.0
110.244,back_out,not_held,0.0211,0.0,37.0,-0.0
110.280,back_out,not_held,0.0203,0.0,36.0,-0.0
110.316,back_out,not_held,0.0203,0.0,36.0,-0.0
110.353,back_out,not_held,0.0203,0.0,36.0,-0.0
110.388,back_out,not_held,0.0203,0.0,37.0,-0.0
110.423,back_out,not_held,0.0203,0.0,37.0,-0.0
110.459,back_out,not_held,0.0203,0.0,37.0,-0.0
110.496,back_out,not_held,0.0203,0.0,36.0,-0.0
110.531,back_out,not_held,0.0203,0.0,36.0,-0.0
110.569,back_out,not_held,0.0203,0.0,36.0,-0.0
110.603,back_out,not_held,0.0203,0.0,36.0,-0.0
110.638,back_out,not_held,0.0203,0.0,36.0,-0.0
110.677,back_out,not_held,0.0203,0.0,36.0,-0.0
110.715,back_out,not_held,0.0203,0.0,37.0,-0.0
110.751,back_out,not_held,0.0203,0.0,37.0,-0.0
110.786,back_out,not_held,0.0211,0.0,37.0,-0.0
110.821,back_out,not_held,0.0211,0.0,36.0,-0.0
110.856,back_out,not_held,0.0211,0.0,36.0,-0.0
110.892,back_out,not_held,0.0211,0.0,37.0,-0.0
110.927,back_out,not_held,0.0211,0.0,37.0,-0.0
110.965,back_out,not_held,0.0211,0.0,37.0,-0.0
110.999,back_out,not_held,0.0203,0.0,36.0,-0.0
111.035,back_out,not_held,0.0203,0.0,36.0,-0.0
111.071,back_out,not_held,0.0203,0.0,36.0,-0.0
111.109,back_out,not_held,0.0203,0.0,36.0,-0.0
111.146,back_out,not_held,0.0203,0.0,36.0,-0.0
111.181,back_out,not_held,0.0203,0.0,36.0,-0.0
111.218,back_out,not_held,0.0188,0.0,36.0,-0.0
111.253,back_out,not_held,0.0188,0.0,36.0,-0.0
111.291,back_out,not_held,0.0188,0.0,36.0,-0.0
111.328,back_out,not_held,0.0203,0.0,34.0,-0.0
111.366,back_out,not_held,0.0203,0.0,34.0,-0.0
111.401,back_out,not_held,0.0211,0.0,34.0,-0.0
111.439,back_out,not_held,0.0196,0.0,35.0,-0.0
111.478,back_out,not_held,0.0196,0.0,35.0,-0.0
111.514,back_out,not_held,0.0188,0.0,38.0,-0.0
111.552,back_out,not_held,0.0188,0.0,38.0,-0.0
111.586,back_out,not_held,0.0188,0.0,38.0,-0.0
111.621,back_out,not_held,0.0203,0.0,36.0,-0.0
111.656,back_out,not_held,0.0203,0.0,36.0,-0.0
111.692,back_out,not_held,0.0203,0.0,36.0,-0.0
111.730,back_out,not_held,0.0203,0.0,34.0,-0.0
111.768,back_out,not_held,0.0203,0.0,34.0,-0.0
111.802,back_out,not_held,0.0203,0.0,34.0,-0.0
111.836,back_out,not_held,0.0203,0.0,35.0,-0.0
111.872,back_out,not_held,0.0203,0.0,35.0,-0.0
111.908,back_out,not_held,0.0203,0.0,35.0,-0.0
111.941,back_out,not_held,0.0188,0.0,35.0,-0.0
111.980,back_out,not_held,0.0188,0.0,35.0,-0.0
112.018,back_out,not_held,0.0211,0.0,35.0,-0.0
112.057,back_out,not_held,0.0211,0.0,35.0,-0.0
112.092,back_out,not_held,0.0211,0.0,35.0,-0.0
112.126,back_out,not_held,0.0203,0.0,34.0,-0.0
112.161,back_out,not_held,0.0203,0.0,34.0,-0.0
112.198,back_out,not_held,0.0203,0.0,34.0,-0.0
112.236,back_out,not_held,0.0203,0.0,34.0,-0.0
112.271,back_out,not_held,0.0203,0.0,34.0,-0.0
112.304,back_out,not_held,0.0203,0.0,34.0,-0.0
112.339,back_out,not_held,0.0203,0.0,36.0,-0.0
112.375,back_out,not_held,0.0203,0.0,36.0,-0.0
112.411,back_out,not_held,0.0203,0.0,37.0,-0.0
112.445,back_out,not_held,0.0203,0.0,37.0,-0.0
112.481,back_out,not_held,0.0203,0.0,37.0,-0.0
112.518,back_out,not_held,0.0203,0.0,36.0,-0.0
112.557,back_out,not_held,0.0203,0.0,38.0,-0.0
112.592,back_out,not_held,0.0203,0.0,38.0,-0.0
112.626,back_out,not_held,0.0203,0.0,38.0,-0.0
112.662,back_out,not_held,0.0188,0.0,37.0,-0.0
112.700,back_out,not_held,0.0188,0.0,37.0,-0.0
112.738,back_out,not_held,0.0203,0.0,36.0,-0.0
112.777,back_out,not_held,0.0203,0.0,36.0,-0.0
112.811,back_out,not_held,0.0203,0.0,36.0,-0.0
112.845,back_out,not_held,0.0203,0.0,33.0,-0.0
112.880,back_out,not_held,0.0203,0.0,33.0,-0.0
112.919,back_out,not_held,0.0203,0.0,33.0,-0.0
112.955,back_out,not_held,0.0211,0.0,37.0,-0.0
112.993,back_out,not_held,0.0211,0.0,37.0,-0.0
113.028,back_out,not_held,0.0203,0.0,37.0,-0.0
113.067,back_out,not_held,0.0203,0.0,37.0,-0.0
113.105,back_out,not_held,0.0203,0.0,37.0,-0.0
113.145,clear,not_held,0.0203,0.0,37.0,-0.0
113.182,clear,not_held,0.0203,0.0,36.0,-0.0
113.219,clear,not_held,0.0203,0.0,36.0,-0.0
113.253,clear,not_held,0.0203,0.0,36.0,-0.0
113.288,clear,not_held,0.0203,0.0,36.0,-0.0
113.322,clear,not_held,0.0203,0.0,36.0,-0.0
113.360,clear,not_held,0.0188,0.0,36.0,-0.0
113.394,clear,not_held,0.0188,0.0,36.0,-0.0
113.432,clear,not_held,0.0188,0.0,36.0,-0.0
113.467,clear,not_held,0.0203,0.0,35.0,-0.0
113.504,clear,not_held,0.0203,0.0,35.0,-0.0
113.542,clear,not_held,0.0203,0.0,34.0,-0.0
113.580,clear,not_held,0.0203,0.0,31.0,-0.0
113.617,clear,not_held,0.0203,0.0,31.0,-0.0
113.651,clear,not_held,0.0203,0.0,31.0,-0.0
113.687,clear,not_held,0.0203,0.0,35.0,-0.0
113.721,clear,not_held,0.0203,0.0,35.0,-0.0
113.756,clear,not_held,0.0203,0.0,35.0,-0.0
113.792,clear,not_held,0.0188,0.0,37.0,-0.0
113.826,clear,not_held,0.0188,0.0,37.0,-0.0
113.861,clear,not_held,0.0188,0.0,37.0,-0.0
113.900,clear,not_held,0.0203,0.0,33.0,-0.0
113.938,clear,not_held,0.0203,0.0,33.0,-0.0
113.975,clear,not_held,0.0188,0.0,37.0,-0.0
114.011,clear,not_held,0.0188,0.0,37.0,-0.0
114.049,clear,not_held,0.0188,0.0,37.0,-0.0
114.087,clear,not_held,0.0203,0.0,35.0,-0.0
114.121,clear,not_held,0.0203,0.0,35.0,-0.0
114.160,clear,not_held,0.0211,0.0,35.0,-0.0
114.196,clear,not_held,0.0211,0.0,34.0,-0.0
114.231,clear,not_held,0.0211,0.0,34.0,-0.0
114.268,clear,not_held,0.0203,0.0,34.0,-0.0
114.306,clear,not_held,0.0203,0.0,36.0,-0.0
114.341,clear,not_held,0.0203,0.0,36.0,-0.0
114.376,clear,not_held,0.0203,0.0,36.0,-0.0
114.412,clear,not_held,0.0203,0.0,33.0,-0.0
114.450,clear,not_held,0.0203,0.0,33.0,-0.0
114.485,clear,not_held,0.0203,0.0,36.0,-0.0
114.519,clear,not_held,0.0203,0.0,36.0,-0.0
114.553,clear,not_held,0.0203,0.0,36.0,-0.0
114.592,clear,not_held,0.0203,0.0,31.0,-0.0
114.625,clear,not_held,0.0203,0.0,31.0,-0.0
114.661,clear,not_held,0.0203,0.0,31.0,-0.0
114.697,clear,not_held,0.0203,0.0,32.0,-0.0
114.733,clear,not_held,0.0203,0.0,32.0,-0.0
114.769,clear,not_held,0.0203,0.0,32.0,-0.0
114.804,clear,not_held,0.0188,0.0,34.0,-0.0
114.839,clear,not_held,0.0188,0.0,34.0,-0.0
114.876,clear,not_held,0.0188,0.0,34.0,-0.0
114.914,clear,not_held,0.0203,0.0,31.0,-0.0
114.949,clear,not_held,0.0203,0.0,31.0,-0.0
114.983,clear,not_held,0.0211,0.0,31.0,-0.0
115.020,clear,not_held,0.0211,0.0,33.0,-0.0
115.061,survey_again,not_held,0.0211,0.0,33.0,-0.0
115.093,survey_again,not_held,0.0203,0.0,34.0,-0.0
115.132,survey_again,not_held,0.0203,0.0,34.0,-0.0
115.169,survey_again,not_held,0.0203,0.0,34.0,-0.0
115.203,survey_again,not_held,0.0203,0.0,33.0,-0.0
115.239,survey_again,not_held,0.0203,0.0,33.0,-0.0
115.275,survey_again,not_held,0.0203,0.0,33.0,-0.0
115.309,survey_again,not_held,0.0203,0.0,34.0,-0.0
115.343,survey_again,not_held,0.0203,0.0,34.0,-0.0
115.380,survey_again,not_held,0.0203,0.0,34.0,-0.0
115.416,survey_again,not_held,0.0203,0.0,32.0,-0.0
115.451,survey_again,not_held,0.0203,0.0,32.0,-0.0
115.487,survey_again,not_held,0.0203,0.0,32.0,-0.0
115.521,survey_again,not_held,0.0203,0.0,37.0,-0.0
115.558,survey_again,not_held,0.0203,0.0,37.0,-0.0
115.594,survey_again,not_held,0.0203,0.0,37.0,-0.0
115.629,survey_again,not_held,0.0203,0.0,39.0,-0.0
115.666,survey_again,not_held,0.0203,0.0,39.0,-0.0
115.701,survey_again,not_held,0.0203,0.0,39.0,-0.0
115.738,survey_again,not_held,0.0203,0.0,35.0,-0.0
115.776,survey_again,not_held,0.0203,0.0,35.0,-0.0
115.811,survey_again,not_held,0.0188,0.0,37.0,-0.0
115.850,survey_again,not_held,0.0188,0.0,37.0,-0.0
115.884,survey_again,not_held,0.0188,0.0,37.0,-0.0
115.919,survey_again,not_held,0.0203,0.0,38.0,-0.0
115.953,survey_again,not_held,0.0203,0.0,38.0,-0.0
115.991,survey_again,not_held,0.0203,0.0,38.0,-0.0
116.026,survey_again,not_held,0.0211,0.0,37.0,-0.0
116.062,survey_again,not_held,0.0211,0.0,37.0,-0.0
116.096,survey_again,not_held,0.0211,0.0,37.0,-0.0
116.129,survey_again,not_held,0.0188,0.0,36.0,-0.0
116.167,survey_again,not_held,0.0188,0.0,36.0,-0.0
116.202,survey_again,not_held,0.0188,0.0,36.0,-0.0
116.236,survey_again,not_held,0.0203,0.0,35.0,-0.0
116.270,survey_again,not_held,0.0203,0.0,35.0,-0.0
116.309,survey_again,not_held,0.0203,0.0,35.0,-0.0
116.347,survey_again,not_held,0.0188,0.0,30.0,-0.0
116.384,survey_again,not_held,0.0188,0.0,30.0,-0.0
116.418,survey_again,not_held,0.0188,0.0,30.0,-0.0
116.452,survey_again,not_held,0.0203,0.0,36.0,-0.0
116.486,survey_again,not_held,0.0203,0.0,36.0,-0.0
116.524,survey_again,not_held,0.0211,0.0,36.0,-0.0
116.561,survey_again,not_held,0.0196,0.0,32.0,-0.0
116.598,survey_again,not_held,0.0196,0.0,32.0,-0.0
116.636,survey_again,not_held,0.0203,0.0,34.0,-0.0
116.670,survey_again,not_held,0.0203,0.0,34.0,-0.0
116.707,survey_again,not_held,0.0203,0.0,34.0,-0.0
116.742,survey_again,not_held,0.0203,0.0,35.0,-0.0
116.778,survey_again,not_held,0.0203,0.0,35.0,-0.0
116.814,survey_again,not_held,0.0203,0.0,35.0,-0.0
116.851,survey_again,not_held,0.0203,0.0,32.0,-0.0
116.887,survey_again,not_held,0.0203,0.0,32.0,-0.0
116.923,survey_again,not_held,0.0203,0.0,32.0,-0.0
116.962,survey_again,not_held,0.0203,0.0,33.0,-0.0
117.000,survey_again,not_held,0.0203,0.0,33.0,-0.0
117.037,survey_again,not_held,0.0203,0.0,33.0,-0.0
117.074,survey_again,not_held,0.0203,0.0,33.0,-0.0
117.113,survey_again,not_held,0.0203,0.0,33.0,-0.0
117.150,survey_again,not_held,0.0188,0.0,33.0,-0.0
117.184,survey_again,not_held,0.0188,0.0,33.0,-0.0
117.223,survey_again,not_held,0.0188,0.0,33.0,-0.0
117.261,survey_again,not_held,0.0203,0.0,31.0,-0.0
117.299,survey_again,not_held,0.0203,0.0,31.0,-0.0
117.337,survey_again,not_held,0.0203,0.0,31.0,-0.0
117.376,survey_again,not_held,0.0203,0.0,34.0,-0.0
117.414,survey_again,not_held,0.0203,0.0,34.0,-0.0
117.451,survey_again,not_held,0.0203,0.0,35.0,-0.0
117.489,survey_again,not_held,0.0203,0.0,39.0,-0.0
117.525,survey_again,not_held,0.0203,0.0,39.0,-0.0
117.559,survey_again,not_held,0.0203,0.0,37.0,-0.0
117.593,survey_again,not_held,0.0203,0.0,37.0,-0.0
117.631,survey_again,not_held,0.0203,0.0,37.0,-0.0
117.668,survey_again,not_held,0.0203,0.0,38.0,-0.0
117.707,survey_again,not_held,0.0203,0.0,38.0,-0.0
117.745,survey_again,not_held,0.0203,0.0,38.0,-0.0
117.779,survey_again,not_held,0.0203,0.0,38.0,-0.0
117.817,survey_again,not_held,0.0203,0.0,38.0,-0.0
117.857,survey_again,not_held,0.0203,0.0,38.0,-0.0
117.891,survey_again,not_held,0.0203,0.0,29.0,-0.0
117.926,survey_again,not_held,0.0203,0.0,29.0,-0.0
117.964,survey_again,not_held,0.0203,0.0,29.0,-0.0
118.000,survey_again,not_held,0.0188,0.0,37.0,-0.0
118.034,survey_again,not_held,0.0188,0.0,37.0,-0.0
118.070,survey_again,not_held,0.0203,0.0,35.0,-0.0
118.108,survey_again,not_held,0.0203,0.0,35.0,-0.0
118.143,survey_again,not_held,0.0203,0.0,35.0,-0.0
118.179,survey_again,not_held,0.0203,0.0,34.0,-0.0
118.213,survey_again,not_held,0.0203,0.0,34.0,-0.0
118.250,survey_again,not_held,0.0203,0.0,34.0,-0.0
118.284,survey_again,not_held,0.0203,0.0,37.0,-0.0
118.317,survey_again,not_held,0.0203,0.0,37.0,-0.0
118.352,survey_again,not_held,0.0203,0.0,37.0,-0.0
118.388,survey_again,not_held,0.0203,0.0,32.0,-0.0
118.425,survey_again,not_held,0.0203,0.0,32.0,-0.0
118.459,survey_again,not_held,0.0203,0.0,32.0,-0.0
118.494,survey_again,not_held,0.0203,0.0,36.0,-0.0
118.528,survey_again,not_held,0.0203,0.0,36.0,-0.0
118.562,survey_again,not_held,0.0203,0.0,36.0,-0.0
118.597,survey_again,not_held,0.0188,0.0,33.0,-0.0
118.634,survey_again,not_held,0.0188,0.0,33.0,-0.0
118.672,survey_again,not_held,0.0188,0.0,33.0,-0.0
118.708,survey_again,not_held,0.0188,0.0,37.0,-0.0
118.743,survey_again,not_held,0.0188,0.0,37.0,-0.0
118.777,survey_again,not_held,0.0188,0.0,37.0,-0.0
118.815,survey_again,not_held,0.0203,0.0,34.0,-0.0
118.852,survey_again,not_held,0.0203,0.0,34.0,-0.0
118.885,survey_again,not_held,0.0188,0.0,34.0,-0.0
118.921,survey_again,not_held,0.0188,0.0,34.0,-0.0
118.960,survey_again,not_held,0.0188,0.0,34.0,-0.0
118.998,survey_again,not_held,0.0188,0.0,30.0,-0.0
119.034,survey_again,not_held,0.0188,0.0,30.0,-0.0
119.068,survey_again,not_held,0.0188,0.0,30.0,-0.0
119.107,survey_again,not_held,0.0203,0.0,32.0,-0.0
119.144,survey_again,not_held,0.0203,0.0,32.0,-0.0
119.183,survey_again,not_held,0.0203,0.0,32.0,-0.0
119.217,survey_again,not_held,0.0188,0.0,36.0,-0.0
119.254,survey_again,not_held,0.0188,0.0,36.0,-0.0
119.292,survey_again,not_held,0.0188,0.0,36.0,-0.0
119.326,survey_again,not_held,0.0188,0.0,36.0,-0.0
119.362,survey_again,not_held,0.0188,0.0,36.0,-0.0
119.396,survey_again,not_held,0.0203,0.0,33.0,-0.0
119.430,survey_again,not_held,0.0203,0.0,33.0,-0.0
119.465,survey_again,not_held,0.0203,0.0,33.0,-0.0
119.501,survey_again,not_held,0.0203,0.0,33.0,-0.0
119.537,survey_again,not_held,0.0203,0.0,35.0,-0.0
119.574,survey_again,not_held,0.0203,0.0,35.0,-0.0
119.611,survey_again,not_held,0.0203,0.0,32.0,-0.0
119.649,survey_again,not_held,0.0203,0.0,32.0,-0.0
119.684,survey_again,not_held,0.0203,0.0,32.0,-0.0
119.722,survey_again,not_held,0.0188,0.0,32.0,-0.0
119.761,survey_again,not_held,0.0188,0.0,32.0,-0.0
119.795,survey_again,not_held,0.0188,0.0,32.0,-0.0
119.833,survey_again,not_held,0.0188,0.0,30.0,-0.0
119.866,survey_again,not_held,0.0188,0.0,30.0,-0.0
119.900,survey_again,not_held,0.0188,0.0,30.0,-0.0
119.937,survey_again,not_held,0.0203,0.0,32.0,-0.0
119.975,survey_again,not_held,0.0203,0.0,32.0,-0.0
120.014,survey_again,not_held,0.0203,0.0,32.0,-0.0
120.049,survey_again,not_held,0.0188,0.0,37.0,-0.0
120.085,survey_again,not_held,0.0188,0.0,37.0,-0.0
120.124,survey_again,not_held,0.0188,0.0,37.0,-0.0
120.163,survey_again,not_held,0.0188,0.0,37.0,-0.0
120.200,survey_again,not_held,0.0188,0.0,37.0,-0.0
120.238,survey_again,not_held,0.0203,0.0,33.0,-0.0
120.273,survey_again,not_held,0.0203,0.0,33.0,-0.0
120.311,survey_again,not_held,0.0203,0.0,33.0,-0.0
120.349,survey_again,not_held,0.0188,0.0,33.0,-0.0
120.387,survey_again,not_held,0.0188,0.0,33.0,-0.0
120.425,survey_again,not_held,0.0188,0.0,33.0,-0.0
120.464,survey_again,not_held,0.0188,0.0,33.0,-0.0
120.500,survey_again,not_held,0.0188,0.0,33.0,-0.0
120.536,survey_again,not_held,0.0211,0.0,37.0,-0.0
120.571,survey_again,not_held,0.0211,0.0,37.0,-0.0
120.606,survey_again,not_held,0.0211,0.0,37.0,-0.0
120.644,survey_again,not_held,0.0203,0.0,31.0,-0.0
120.681,survey_again,not_held,0.0203,0.0,31.0,-0.0
120.715,survey_again,not_held,0.0203,0.0,31.0,-0.0
120.752,survey_again,not_held,0.0203,0.0,33.0,-0.0
120.791,survey_again,not_held,0.0203,0.0,33.0,-0.0
120.826,survey_again,not_held,0.0203,0.0,33.0,-0.0
120.864,survey_again,not_held,0.0188,0.0,34.0,-0.0
120.901,survey_again,not_held,0.0188,0.0,34.0,-0.0
120.935,survey_again,not_held,0.0203,0.0,36.0,-0.0
120.983,survey_again,not_held,0.0203,0.0,36.0,-0.0
121.018,survey_again,not_held,0.0203,0.0,36.0,-0.0
121.054,survey_again,not_held,0.0203,0.0,33.0,-0.0
121.093,survey_again,not_held,0.0203,0.0,33.0,-0.0
121.130,survey_again,not_held,0.0203,0.0,33.0,-0.0
121.169,survey_again,not_held,0.0188,0.0,34.0,-0.0
121.208,survey_again,not_held,0.0188,0.0,34.0,-0.0
121.246,survey_again,not_held,0.0188,0.0,34.0,-0.0
121.284,survey_again,not_held,0.0188,0.0,34.0,-0.0
121.321,survey_again,not_held,0.0188,0.0,34.0,-0.0
121.359,survey_again,not_held,0.0188,0.0,33.0,-0.0
121.397,survey_again,not_held,0.0188,0.0,33.0,-0.0
121.435,survey_again,not_held,0.0188,0.0,33.0,-0.0
121.473,survey_again,not_held,0.0203,0.0,32.0,-0.0
121.512,survey_again,not_held,0.0203,0.0,32.0,-0.0
121.550,survey_again,not_held,0.0196,0.0,31.0,-0.0
121.586,survey_again,not_held,0.0196,0.0,31.0,-0.0
121.620,survey_again,not_held,0.0196,0.0,31.0,-0.0
121.658,survey_again,not_held,0.0203,0.0,32.0,-0.0
121.696,survey_again,not_held,0.0203,0.0,32.0,-0.0
121.735,survey_again,not_held,0.0203,0.0,32.0,-0.0
121.773,survey_again,not_held,0.0188,0.0,29.0,-0.0
121.807,survey_again,not_held,0.0188,0.0,29.0,-0.0
121.842,survey_again,not_held,0.0188,0.0,28.0,-0.0
121.880,survey_again,not_held,0.0203,0.0,31.0,-0.0
121.916,survey_again,not_held,0.0203,0.0,31.0,-0.0
121.955,survey_again,not_held,0.0203,0.0,31.0,-0.0
121.990,survey_again,not_held,0.0188,0.0,33.0,-0.0
122.024,survey_again,not_held,0.0188,0.0,33.0,-0.0
122.061,survey_again,not_held,0.0188,0.0,33.0,-0.0
122.100,survey_again,not_held,0.0203,0.0,32.0,-0.0
122.138,survey_again,not_held,0.0203,0.0,32.0,-0.0
122.177,survey_again,not_held,0.0203,0.0,34.0,-0.0
122.213,survey_again,not_held,0.0203,0.0,34.0,-0.0
122.250,survey_again,not_held,0.0203,0.0,34.0,-0.0
122.291,return,not_held,0.0188,0.0,31.0,-0.0
122.327,return,not_held,0.0188,0.0,31.0,-0.0
122.363,return,not_held,0.0188,0.0,31.0,-0.0
122.401,return,not_held,0.0203,0.0,33.0,-0.0
122.439,return,not_held,0.0203,0.0,33.0,-0.0
122.473,return,not_held,0.0203,0.0,32.0,-0.0
122.512,return,not_held,0.0203,0.0,32.0,-0.0
122.547,return,not_held,0.0203,0.0,32.0,-0.0
122.585,return,not_held,0.0203,0.0,30.0,-0.0
122.622,return,not_held,0.0203,0.0,30.0,-0.0
122.660,return,not_held,0.0203,0.0,30.0,-0.0
122.695,return,not_held,0.0188,0.0,34.0,-0.0
122.733,return,not_held,0.0188,0.0,34.0,-0.0
122.767,return,not_held,0.0188,0.0,34.0,-0.0
122.805,return,not_held,0.0203,0.0,33.0,-0.0
122.839,return,not_held,0.0203,0.0,33.0,-0.0
122.876,return,not_held,0.0203,0.0,33.0,-0.0
122.914,return,not_held,0.0203,0.0,34.0,-0.0
122.952,return,not_held,0.0203,0.0,34.0,-0.0
122.990,return,not_held,0.0203,0.0,34.0,-0.0
123.029,return,not_held,0.0203,0.0,34.0,-0.0
123.066,return,not_held,0.0203,0.0,34.0,-0.0
123.104,return,not_held,0.0188,0.0,36.0,-0.0
123.143,return,not_held,0.0188,0.0,36.0,-0.0
123.180,return,not_held,0.0188,0.0,36.0,-0.0
123.215,return,not_held,0.0203,0.0,34.0,-0.0
123.254,return,not_held,0.0203,0.0,34.0,-0.0
123.290,return,not_held,0.0203,0.0,34.0,-0.0
123.325,return,not_held,0.0188,0.0,36.0,-0.0
123.362,return,not_held,0.0188,0.0,36.0,-0.0
123.396,return,not_held,0.0188,0.0,30.0,-0.0
123.434,return,not_held,0.0188,0.0,30.0,-0.0
123.472,return,not_held,0.0188,0.0,30.0,-0.0
123.510,return,not_held,0.0203,0.0,32.0,-0.0
123.549,return,not_held,0.0203,0.0,32.0,-0.0
123.582,return,not_held,0.0203,0.0,31.0,-0.0
123.620,return,not_held,0.0188,0.0,35.0,-0.0
123.654,return,not_held,0.0188,0.0,35.0,-0.0
123.691,return,not_held,0.0188,0.0,35.0,-0.0
123.730,return,not_held,0.0203,0.0,37.0,-0.0
123.768,return,not_held,0.0203,0.0,37.0,-0.0
123.805,return,not_held,0.0203,0.0,32.0,-0.0
123.843,return,not_held,0.0203,0.0,32.0,-0.0
123.879,return,not_held,0.0203,0.0,32.0,-0.0
123.915,return,not_held,0.0188,0.0,33.0,-0.0
123.951,return,not_held,0.0188,0.0,33.0,-0.0
123.986,return,not_held,0.0188,0.0,33.0,-0.0
124.024,return,not_held,0.0203,0.0,34.0,-0.0
124.060,return,not_held,0.0203,0.0,34.0,-0.0
124.094,return,not_held,0.0203,0.0,34.0,-0.0
124.130,return,not_held,0.0203,0.0,31.0,-0.0
124.166,return,not_held,0.0203,0.0,31.0,-0.0
124.204,return,not_held,0.0203,0.0,31.0,-0.0
124.238,return,not_held,0.0203,0.0,34.0,-0.0
124.276,return,not_held,0.0203,0.0,34.0,-0.0
124.309,return,not_held,0.0203,0.0,35.0,-0.0
124.347,return,not_held,0.0203,0.0,31.0,-0.0117
124.385,return,not_held,0.0203,0.0,31.0,-0.0117
124.419,return,not_held,0.0188,0.0,30.0,0.0001
124.458,return,not_held,0.0188,0.0,29.0,0.0118
124.491,return,not_held,0.0188,0.0,29.0,0.0118
124.528,return,not_held,0.0188,0.0,31.0,-0.0
124.562,return,not_held,0.0188,0.0,31.0,-0.0
124.598,return,not_held,0.0188,0.0,31.0,-0.0
124.634,return,not_held,0.0188,0.0,31.0,-0.0
124.669,return,not_held,0.0188,0.0,31.0,-0.0
124.707,return,not_held,0.0188,0.0,31.0,-0.0
124.745,return,not_held,0.0173,0.0,28.0,-0.0
124.784,return,not_held,0.0173,0.0,28.0,-0.0
124.818,return,not_held,0.0173,0.0,28.0,-0.0
124.852,return,not_held,0.0173,0.0,27.0,-0.0
124.890,return,not_held,0.0173,0.0,27.0,-0.0
124.925,return,not_held,0.0165,0.0,27.0,-0.0
124.959,return,not_held,0.018,0.0,29.0,-0.0
124.992,return,not_held,0.018,0.0,29.0,-0.0
125.028,return,not_held,0.018,0.0,29.0,-0.0
125.066,return,not_held,0.0165,0.0,28.0,-0.0
125.104,return,not_held,0.0165,0.0,28.0,-0.0
125.141,return,not_held,0.018,0.0,25.0,-0.0
125.180,return,not_held,0.018,0.0,25.0,-0.0
125.216,return,not_held,0.018,0.0,25.0,-0.0
125.251,return,not_held,0.018,0.0,25.0,-0.0
125.290,return,not_held,0.018,0.0,25.0,-0.0
125.328,return,not_held,0.018,0.0,25.0,-0.0
125.362,return,not_held,0.018,0.0,24.0,-0.0
125.398,return,not_held,0.018,0.0,24.0,-0.0
125.432,return,not_held,0.018,0.0,24.0,-0.0
125.465,return,not_held,0.018,0.0,25.0,-0.0
125.500,return,not_held,0.018,0.0,25.0,-0.0
125.538,return,not_held,0.018,0.0,26.0,-0.0
125.573,return,not_held,0.0165,0.0,27.0,-0.0
125.608,return,not_held,0.0165,0.0,27.0,-0.0
125.645,return,not_held,0.0165,0.0,26.0,-0.0
125.683,return,not_held,0.0165,0.0,28.0,-0.0
125.721,return,not_held,0.0165,0.0,28.0,-0.0
125.760,return,not_held,0.0165,0.0,27.0,-0.0
125.794,return,not_held,0.0165,0.0,27.0,-0.0
125.828,return,not_held,0.0165,0.0,27.0,-0.0
125.862,return,not_held,0.0165,0.0,25.0,-0.0
125.900,return,not_held,0.0165,0.0,25.0,-0.0
125.934,return,not_held,0.0165,0.0,25.0,-0.0
125.969,return,not_held,0.0165,0.0,26.0,-0.0
126.005,return,not_held,0.0165,0.0,26.0,-0.0
126.040,return,not_held,0.0165,0.0,26.0,-0.0
126.074,return,not_held,0.0165,0.0,25.0,-0.0
126.110,return,not_held,0.0165,0.0,25.0,-0.0
126.146,return,not_held,0.0165,0.0,25.0,-0.0
126.181,return,not_held,0.0165,0.0,27.0,-0.0
126.217,return,not_held,0.0165,0.0,27.0,-0.0
126.252,return,not_held,0.0165,0.0,27.0,-0.0
126.291,return,not_held,0.018,0.0,28.0,-0.0
126.325,return,not_held,0.018,0.0,28.0,-0.0
126.363,return,not_held,0.018,0.0,28.0,-0.0
126.402,return,not_held,0.0165,0.0,28.0,-0.0
126.435,return,not_held,0.0165,0.0,28.0,-0.0
126.469,return,not_held,0.0165,0.0,28.0,-0.0
126.508,return,not_held,0.0165,0.0,26.0,-0.0
126.544,return,not_held,0.0165,0.0,26.0,-0.0
126.579,return,not_held,0.0165,0.0,26.0,-0.0
126.617,return,not_held,0.0165,0.0,26.0,-0.0
126.652,return,not_held,0.0165,0.0,26.0,-0.0
126.685,return,not_held,0.0165,0.0,25.0,-0.0
126.723,return,not_held,0.0165,0.0,25.0,-0.0
126.762,return,not_held,0.0173,0.0,25.0,-0.0
126.796,return,not_held,0.0173,0.0,28.0,-0.0
126.834,return,not_held,0.0173,0.0,28.0,-0.0
126.872,return,not_held,0.0165,0.0,28.0,-0.0
126.911,return,not_held,0.018,0.0,32.0,-0.0
126.944,return,not_held,0.018,0.0,32.0,-0.0
126.980,return,not_held,0.018,0.0,27.0,-0.0
127.018,return,not_held,0.018,0.0,27.0,-0.0
127.057,return,not_held,0.018,0.0,27.0,-0.0
127.095,return,not_held,0.0165,0.0,24.0,-0.0
127.131,return,not_held,0.0165,0.0,24.0,-0.0
127.169,return,not_held,0.0165,0.0,24.0,-0.0
127.207,return,not_held,0.018,0.0,25.0,-0.0
127.245,return,not_held,0.018,0.0,25.0,-0.0
127.283,return,not_held,0.018,0.0,25.0,-0.0
127.319,return,not_held,0.0165,0.0,25.0,-0.0
127.352,return,not_held,0.0165,0.0,25.0,-0.0
127.386,return,not_held,0.0165,0.0,25.0,-0.0
127.421,return,not_held,0.0165,0.0,27.0,-0.0
127.458,return,not_held,0.0165,0.0,27.0,-0.0
127.492,return,not_held,0.0165,0.0,25.0,-0.0
127.527,return,not_held,0.0165,0.0,25.0,-0.0
127.560,return,not_held,0.0165,0.0,25.0,-0.0
127.599,return,not_held,0.0165,0.0,26.0,-0.0
127.637,return,not_held,0.0165,0.0,26.0,-0.0
127.671,return,not_held,0.0165,0.0,26.0,-0.0
127.706,return,not_held,0.0165,0.0,26.0,-0.0
127.742,return,not_held,0.0165,0.0,26.0,-0.0
127.778,return,not_held,0.0165,0.0,26.0,-0.0
127.817,return,not_held,0.0165,0.0,27.0,-0.0
127.850,return,not_held,0.0165,0.0,27.0,-0.0
127.884,return,not_held,0.0165,0.0,27.0,-0.0
127.921,return,not_held,0.018,0.0,28.0,-0.0
127.954,return,not_held,0.018,0.0,28.0,-0.0
127.990,return,not_held,0.018,0.0,28.0,-0.0
128.025,return,not_held,0.0165,0.0,27.0,-0.0
